word,freq,english,german,sound,spell
æbəhəlimə,1,1,0,1,0
ædmaɪə,1,1,0,1,0
ædmɪʃən,1,1,0,1,0
ædvæntɪdʒ,1,1,0,1,0
ædvaɪs,1,1,0,1,0
ædvaɪz,1,1,0,1,0
ædvɛntʃəɹ,1,1,0,1,0
ædvɜɹtəzmənt,1,1,0,1,0
æksɛpt,1,1,0,1,0
æksɛptəbl,1,1,0,1,0
æktɪvɪtɪ,1,1,0,1,0
æktɪvɪtɪz,1,1,0,1,0
ælɡoʊmə,1,1,0,1,0
æmbɪʃən,1,1,0,1,0
æmbɪʃəs,1,1,0,1,0
ænælɪsɪs,1,1,0,1,0
æŋzaɪətɪ,1,1,0,1,0
æbsəlut,1,1,0,1,0
æbsəns,1,1,0,1,0
æbsənt,1,1,0,1,0
æbəɹt,1,1,0,1,0
æd,1,1,0,1,0
ædvəɹb,1,1,0,1,0
ædvəɹsɛɹɪz,1,1,0,1,0
ædvəɹtaɪz,1,1,0,1,0
ædɪd,1,1,0,1,0
ædəmstaʊn,1,1,0,1,0
ædʒɪktɪv,1,1,0,1,0
ædɹɛs,1,1,0,1,0
æftəɹ,1,1,0,1,0
æftəɹwəɹdz,1,1,0,1,0
æfɹɪkə,1,1,0,1,0
æks,1,1,0,1,0
æksədənt,1,1,0,1,0
æksɛs,1,1,0,1,0
ækt,1,1,0,1,0
æktɪv,1,1,0,1,0
æktəɹ,1,1,0,1,0
æktʃuəlɪ,1,1,0,1,0
æktɹəs,1,1,0,1,0
æktʃəwəl,1,1,0,1,0
æktʃʊwəl,1,1,0,1,0
ækʃən,1,1,0,1,0
ælbəm,1,1,0,1,0
ælbəɹn,1,1,0,1,0
ælfə,1,1,0,1,0
ælfəbɛt,1,1,0,1,0
ælkəhɑl,1,1,0,1,0
æm,1,1,0,1,0
æmɹə,1,1,0,1,0
æn,1,1,0,1,0
ænd,1,1,0,1,0
ænsəɹ,1,1,0,1,0
ænt,1,1,0,1,0
ænyuəl,1,1,0,1,0
ænəməl,1,1,0,1,0
ænəməlz,1,1,0,1,0
æpl,1,1,0,1,0
æplz,1,1,0,1,0
æplɪŋ,1,1,0,1,0
æpəɹtʃəɹ,1,1,0,1,0
æsk,1,1,0,1,0
æskt,1,1,0,1,0
æskɪŋ,1,1,0,1,0
æsɪd,1,1,0,1,0
æt,1,1,0,1,0
ætəm,1,1,0,1,0
ævənu,1,1,0,1,0
ævɛɹɪdʒ,1,1,0,1,0
awəɹz,1,1,0,1,0
awəɹɡlæsɪz,1,1,0,1,0
æz,1,1,0,1,0
æʃ,1,1,0,1,0
æŋkl,1,1,0,1,0
æŋkʃəs,1,1,0,1,0
æʃlaɪn,1,1,0,1,0
æŋɡl,1,1,0,1,0
æɹəʊ,1,1,0,1,0
æɡɹɪkʌltʃəɹ,1,1,0,1,0
æŋɡəɹ,1,1,0,1,0
æŋɡɹɪ,1,1,0,1,0
æbsəlutlɪ,1,1,0,1,0
ædməɹeɪʃən,1,1,0,1,0
æftəɹnun,1,1,0,1,0
æluvɪəm,1,1,0,1,0
æntifʌŋɡəl,1,1,0,1,0
æpləkeɪʃən,1,1,0,1,0
æpləkeɪʃənz,1,1,0,1,0
æpəɹætəs,1,1,0,1,0
aɪdiə,1,1,0,1,0
aɪdiəz,1,1,0,1,0
aɪdɛntəfaɪ,1,1,0,1,0
aɪdɪəl,1,1,0,1,0
aʊtɹeɪdʒəs,1,1,0,1,0
aɪtɪnəɹɛɹɪz,1,1,0,1,0
aʊəɹsɛlvz,1,1,0,1,0
aɪ,1,1,0,1,0
aɪdl,1,1,0,1,0
aɪlənd,1,1,0,1,0
aɪləndz,1,1,0,1,0
aɪlɪts,1,1,0,1,0
aɪlɪd,1,1,0,1,0
aɪm,1,1,0,1,0
aʊns,1,1,0,1,0
aʊnsɪz,1,1,0,1,0
aɪs,1,1,0,1,0
aɪsɪ,1,1,0,1,0
aɪsəl,1,1,0,1,0
aʊtdɔɹz,1,1,0,1,0
aʊtdɔɹ,1,1,0,1,0
aʊtsaɪd,1,1,0,1,0
aʊtwəɹd,1,1,0,1,0
aʊt,1,1,0,1,0
aʊtlaɪn,1,1,0,1,0
aʊtʃ,1,1,0,1,0
aɪtəm,1,1,0,1,0
aʊtəɹ,1,1,0,1,0
aɪv,1,1,0,1,0
aɪz,1,1,0,1,0
aɪzənbəɹɡ,1,1,0,1,0
aɪəmz,1,1,0,1,0
aɪən,1,1,0,1,0
aʊəɹ,1,1,0,1,0
aʊəɹz,1,1,0,1,0
aʊɹlɪ,1,1,0,1,0
aɪəʊs,1,1,0,1,0
aɪdɪɑlədʒəst,1,1,0,1,0
aɪslændɛə,1,1,0,1,0
bæktiɹɪə,1,1,0,1,0
bæd,1,1,0,1,0
bædnəs,1,1,0,1,0
bækslæpɪŋ,1,1,0,1,0
bækwəɹd,1,1,0,1,0
bækwəɹdz,1,1,0,1,0
bækɡɹaʊnd,1,1,0,1,0
bæk,1,1,0,1,0
bæləns,1,1,0,1,0
bænd,1,1,0,1,0
bænəstəɹ,1,1,0,1,0
bænɪʃmənt,1,1,0,1,0
bæskɛt,1,1,0,1,0
bætl,1,1,0,1,0
bæɡ,1,1,0,1,0
bæθ,1,1,0,1,0
bæŋk,1,1,0,1,0
bæɡɪdʒ,1,1,0,1,0
bæɹəl,1,1,0,1,0
bæɹən,1,1,0,1,0
bæɹɪɡəɹ,1,1,0,1,0
bæŋkəmɛɹɪkə,1,1,0,1,0
baɪæksɪəl,1,1,0,1,0
baɪɑlədʒɪ,1,1,0,1,0
baʊ,1,1,0,1,0
baɪ,1,1,0,1,0
baɪnd,1,1,0,1,0
baʊnd,1,1,0,1,0
baʊndəɹɪ,1,1,0,1,0
baɪsɪkəl,1,1,0,1,0
baɪt,1,1,0,1,0
baɪtləɹ,1,1,0,1,0
baʊəlz,1,1,0,1,0
baɪpoʊləɹ,1,1,0,1,0
beɪ,1,1,0,1,0
beɪbɪ,1,1,0,1,0
beɪk,1,1,0,1,0
beɪlvə,1,1,0,1,0
beɪs,1,1,0,1,0
beɪst,1,1,0,1,0
beɪsɪk,1,1,0,1,0
beɪsɪkəlɪ,1,1,0,1,0
beɪsɪn,1,1,0,1,0
beɪsɪnz,1,1,0,1,0
beɪsɪs,1,1,0,1,0
beɪsɪɹ,1,1,0,1,0
beɪð,1,1,0,1,0
beɪðɪŋ,1,1,0,1,0
beɪʒ,1,1,0,1,0
beɪənɛts,1,1,0,1,0
bi,1,1,0,1,0
bik,1,1,0,1,0
bim,1,1,0,1,0
bin,1,1,0,1,0
bist,1,1,0,1,0
bit,1,1,0,1,0
bitl,1,1,0,1,0
bitɔvɛn,1,1,0,1,0
biɪŋ,1,1,0,1,0
blæk,1,1,0,1,0
blækhəm,1,1,0,1,0
blæst,1,1,0,1,0
blaɪndsaɪdɪd,1,1,0,1,0
blaɪnd,1,1,0,1,0
bleɪd,1,1,0,1,0
bleɪm,1,1,0,1,0
blid,1,1,0,1,0
blim,1,1,0,1,0
bloʊ,1,1,0,1,0
blu,1,1,0,1,0
blumənθɔl,1,1,0,1,0
bluθ,1,1,0,1,0
blʌd,1,1,0,1,0
blɑk,1,1,0,1,0
blɛs,1,1,0,1,0
blɔɪəɹ,1,1,0,1,0
boʊæz,1,1,0,1,0
boʊdɪ,1,1,0,1,0
boʊl,1,1,0,1,0
boʊld,1,1,0,1,0
boʊlt,1,1,0,1,0
boʊn,1,1,0,1,0
boʊst,1,1,0,1,0
boʊt,1,1,0,1,0
boʊθ,1,1,0,1,0
bun,1,1,0,1,0
but,1,1,0,1,0
byutɪ,1,1,0,1,0
byutɪfəl,1,1,0,1,0
byuɡlz,1,1,0,1,0
byɜɹk,1,1,0,1,0
bɪfɔɹ,1,1,0,1,0
bɪhaɪnd,1,1,0,1,0
bɪheɪv,1,1,0,1,0
bɪheɪvyəɹ,1,1,0,1,0
bɪkeɪm,1,1,0,1,0
bɪkʌm,1,1,0,1,0
bɪkʌmz,1,1,0,1,0
bɪkɛt,1,1,0,1,0
bɪkɔz,1,1,0,1,0
bɪlaɪɪŋ,1,1,0,1,0
bɪlif,1,1,0,1,0
bɪliv,1,1,0,1,0
bɪloʊ,1,1,0,1,0
bɪlɔŋ,1,1,0,1,0
bənænə,1,1,0,1,0
bɪniθ,1,1,0,1,0
bɪsaɪd,1,1,0,1,0
bɪsaɪdz,1,1,0,1,0
bɪtwin,1,1,0,1,0
bɪyɑnd,1,1,0,1,0
bɪɡæn,1,1,0,1,0
bɪɡɪn,1,1,0,1,0
bɪɡɪnɪŋ,1,1,0,1,0
bɛdɹum,1,1,0,1,0
bɛd,1,1,0,1,0
bɛduɪnz,1,1,0,1,0
bɑdɪ,1,1,0,1,0
bʌdʒɪtəd,1,1,0,1,0
bʊk,1,1,0,1,0
bɑks,1,1,0,1,0
bʊks,1,1,0,1,0
bʌkvt,1,1,0,1,0
bʊkəɹz,1,1,0,1,0
bʊlfaɪtəɹ,1,1,0,1,0
bɔl,1,1,0,1,0
bɛl,1,1,0,1,0
bɪl,1,1,0,1,0
bɪld,1,1,0,1,0
bʊldoʊz,1,1,0,1,0
bɪldɪŋ,1,1,0,1,0
bɛlt,1,1,0,1,0
bɪlt,1,1,0,1,0
bʊlət,1,1,0,1,0
bɪlɪən,1,1,0,1,0
bɛləʊz,1,1,0,1,0
bɑm,1,1,0,1,0
bʌmz,1,1,0,1,0
bɪn,1,1,0,1,0
bɛnd,1,1,0,1,0
bʌndl,1,1,0,1,0
bʌntʃ,1,1,0,1,0
bɛnəfɪt,1,1,0,1,0
bɛnəfɪts,1,1,0,1,0
bɪnəm,1,1,0,1,0
bʌs,1,1,0,1,0
bɛst,1,1,0,1,0
bɪt,1,1,0,1,0
bʌt,1,1,0,1,0
bɑtl,1,1,0,1,0
bɑtəm,1,1,0,1,0
bʌtən,1,1,0,1,0
bɛtəɹ,1,1,0,1,0
bɪtəɹ,1,1,0,1,0
bʌtəɹ,1,1,0,1,0
bʌtəɹɪks,1,1,0,1,0
bɪznɪslaɪk,1,1,0,1,0
bɪznəsmæn,1,1,0,1,0
bɪzɪ,1,1,0,1,0
bɪzɪnɛslaɪk,1,1,0,1,0
bɪzɪnɛsmæn,1,1,0,1,0
bɪzɪnəs,1,1,0,1,0
bɑɹ,1,1,0,1,0
bɛɡ,1,1,0,1,0
bɛθ,1,1,0,1,0
bɪɡ,1,1,0,1,0
bʊʃ,1,1,0,1,0
bɛə,1,1,0,1,0
bɪə,1,1,0,1,0
bɑɹbəɹ,1,1,0,1,0
bɪɹd,1,1,0,1,0
bɜɹd,1,1,0,1,0
bɔɹd,1,1,0,1,0
bʌɡd,1,1,0,1,0
bɜɹdɪ,1,1,0,1,0
bɔɹdəɹ,1,1,0,1,0
bɑɹkəʊz,1,1,0,1,0
bɜɹlæk,1,1,0,1,0
bɔɹn,1,1,0,1,0
bɜɹn,1,1,0,1,0
bɜɹntsən,1,1,0,1,0
bɜɹnz,1,1,0,1,0
bɑɹnɪkəl,1,1,0,1,0
bɑɹnɪʃ,1,1,0,1,0
bɑɹoʊ,1,1,0,1,0
bɜɹst,1,1,0,1,0
bɜɹtɹənd,1,1,0,1,0
bɔɹz,1,1,0,1,0
bɜɹθdeɪ,1,1,0,1,0
bɜɹθ,1,1,0,1,0
bɛɹɪ,1,1,0,1,0
bɜɹɪ,1,1,0,1,0
bɪɡɛst,1,1,0,1,0
bɪɡəɹ,1,1,0,1,0
bɛɹɪəl,1,1,0,1,0
bɜɹɡləɹ,1,1,0,1,0
bɑɹɡɛn,1,1,0,1,0
bɛnzəʊdɪæzəpɪn,1,1,0,1,0
bɹæf,1,1,0,1,0
bɹænd,1,1,0,1,0
bɹæntʃ,1,1,0,1,0
bɹæs,1,1,0,1,0
bɹæɡd,1,1,0,1,0
bɹaɪb,1,1,0,1,0
bɹaɪbəɹɪ,1,1,0,1,0
bɹaʊn,1,1,0,1,0
bɹaɪt,1,1,0,1,0
bɹaɪtn,1,1,0,1,0
bɹaɪtəlɪŋ,1,1,0,1,0
bɹaʊzəɹz,1,1,0,1,0
bɹeɪkθɹu,1,1,0,1,0
bɹeɪk,1,1,0,1,0
bɹeɪks,1,1,0,1,0
bɹeɪn,1,1,0,1,0
bɹeɪv,1,1,0,1,0
bɹeɪvəɹɪ,1,1,0,1,0
bɹid,1,1,0,1,0
bɹið,1,1,0,1,0
bɹudəɹ,1,1,0,1,0
bɹɪsi,1,1,0,1,0
bɔɪ,1,1,0,1,0
bɹɔdkæst,1,1,0,1,0
bɹɛd,1,1,0,1,0
bɹɔd,1,1,0,1,0
bɹɛdθ,1,1,0,1,0
bɹɪdʒ,1,1,0,1,0
bɹɪk,1,1,0,1,0
bɹɛkfəst,1,1,0,1,0
bɔɪl,1,1,0,1,0
bɹɔn,1,1,0,1,0
bɹɛsləʊ,1,1,0,1,0
bɹɛst,1,1,0,1,0
bɹɔt,1,1,0,1,0
bɹɪtɪʃ,1,1,0,1,0
bɹʌðəɹ,1,1,0,1,0
bɹɛθ,1,1,0,1,0
bɹɪŋ,1,1,0,1,0
bɹʌʃ,1,1,0,1,0
bɹɪɡədɪə,1,1,0,1,0
bɹɔɪ,1,1,0,1,0
dæleɪ,1,1,0,1,0
dæmp,1,1,0,1,0
dæmədʒ,1,1,0,1,0
dæns,1,1,0,1,0
dætəm,1,1,0,1,0
dæɹɪn,1,1,0,1,0
daɪvɜɹdʒd,1,1,0,1,0
daɪɹɛktnəs,1,1,0,1,0
daɪɹɛktəɹɪz,1,1,0,1,0
daɪ,1,1,0,1,0
daɪd,1,1,0,1,0
daɪkəʊ,1,1,0,1,0
daɪmənd,1,1,0,1,0
daʊnsaɪd,1,1,0,1,0
daɪn,1,1,0,1,0
daʊn,1,1,0,1,0
daɪnəɹz,1,1,0,1,0
daɪoʊd,1,1,0,1,0
daʊt,1,1,0,1,0
daɪv,1,1,0,1,0
daɪəɹi,1,1,0,1,0
daɪəɡnoʊz,1,1,0,1,0
daɪəɡnoʊzd,1,1,0,1,0
daʊɡən,1,1,0,1,0
daɪʌmɪtəɹ,1,1,0,1,0
deɪ,1,1,0,1,0
deɪlaɪt,1,1,0,1,0
deɪlɪ,1,1,0,1,0
deɪmɪnt,1,1,0,1,0
deɪndʒəɹ,1,1,0,1,0
deɪndʒəɹəs,1,1,0,1,0
deɪt,1,1,0,1,0
deɪtə,1,1,0,1,0
deɪvɪd,1,1,0,1,0
deɪz,1,1,0,1,0
did,1,1,0,1,0
dil,1,1,0,1,0
dip,1,1,0,1,0
dipn,1,1,0,1,0
difɔɹmeɪʃən,1,1,0,1,0
doʊnəɹz,1,1,0,1,0
doʊsədʒ,1,1,0,1,0
du,1,1,0,1,0
dus,1,1,0,1,0
dutɪ,1,1,0,1,0
duəbl,1,1,0,1,0
duɪŋ,1,1,0,1,0
dwɛlɪŋ,1,1,0,1,0
dɪfaɪn,1,1,0,1,0
dɪfit,1,1,0,1,0
dɪfɛnd,1,1,0,1,0
dɪfɛndənt,1,1,0,1,0
dɪfɛns,1,1,0,1,0
dɪkæfəneɪt,1,1,0,1,0
dɪkeɪ,1,1,0,1,0
dɪklɛə,1,1,0,1,0
dɪkɹis,1,1,0,1,0
dɪlaɪt,1,1,0,1,0
dɪleɪ,1,1,0,1,0
dɪlɪnɪeɪts,1,1,0,1,0
dɛlɪvəɹ,1,1,0,1,0
dɪlɪvəɹɪ,1,1,0,1,0
dɪlɪŋkwənts,1,1,0,1,0
dɪmænd,1,1,0,1,0
dɪmɑkɹəsɪ,1,1,0,1,0
dɪnaɪ,1,1,0,1,0
dɪpɪkts,1,1,0,1,0
dɪpɛnd,1,1,0,1,0
dɪpɛndz,1,1,0,1,0
dɪpɛndəns,1,1,0,1,0
dɪpɛndənt,1,1,0,1,0
dɪpɑɹtmənt,1,1,0,1,0
dɪpɑpyəleɪʃən,1,1,0,1,0
dɪpɹɛs,1,1,0,1,0
dɪpɹɛʃən,1,1,0,1,0
dɪsætəsfaɪ,1,1,0,1,0
dɪsaɪsɪv,1,1,0,1,0
dɪseɪlɪneɪʃən,1,1,0,1,0
dɪsit,1,1,0,1,0
dɪsiv,1,1,0,1,0
dɪskəntɛnt,1,1,0,1,0
dɪskʌmfəɹt,1,1,0,1,0
dɪskʌs,1,1,0,1,0
dɪskʌvəɹ,1,1,0,1,0
dɪskʌvəɹd,1,1,0,1,0
dɪskʌvəɹɪ,1,1,0,1,0
dɪskɜɹɪdʒ,1,1,0,1,0
dɪskɜɹɪdʒmənt,1,1,0,1,0
dɪskɹaɪb,1,1,0,1,0
dɪskɹaɪbd,1,1,0,1,0
dɪskɹɪptɪv,1,1,0,1,0
dɪskɹɪpʃən,1,1,0,1,0
dɪsmɪs,1,1,0,1,0
dɪspaɪt,1,1,0,1,0
dɪspleɪ,1,1,0,1,0
dɪspyut,1,1,0,1,0
dɪspɛə,1,1,0,1,0
dɪstɪləɹz,1,1,0,1,0
dɪstɜɹb,1,1,0,1,0
dɪstɪŋɡwɪʃ,1,1,0,1,0
dɪstɹʌktɪv,1,1,0,1,0
dɪstɹʌkʃən,1,1,0,1,0
dɪstɹɔɪ,1,1,0,1,0
dɪsɪnfɛkt,1,1,0,1,0
dɪsəɡɹi,1,1,0,1,0
dɪsɛmbəɹ,1,1,0,1,0
dɪsɛnd,1,1,0,1,0
dɪsɛndənt,1,1,0,1,0
dɪsɛnt,1,1,0,1,0
dɪsɪʒən,1,1,0,1,0
dɪsɡʌst,1,1,0,1,0
dɪteɪl,1,1,0,1,0
dɪteɪlz,1,1,0,1,0
dətɜɹmɪn,1,1,0,1,0
dətɜɹməndlɪ,1,1,0,1,0
dɪtɜɹmənd,1,1,0,1,0
dɪtɜɹmənəbl,1,1,0,1,0
dɪtɜɹməneɪʃən,1,1,0,1,0
dɪvaɪd,1,1,0,1,0
dɪvaɪs,1,1,0,1,0
dɪvɛləp,1,1,0,1,0
dɪvɛləpmənt,1,1,0,1,0
dɪvɛləpt,1,1,0,1,0
dɪvɛləpɪŋ,1,1,0,1,0
dɪvɪʒən,1,1,0,1,0
dɛwʊlf,1,1,0,1,0
dɪzaɪn,1,1,0,1,0
dɪzaɪnd,1,1,0,1,0
dɪzaɪə,1,1,0,1,0
dɪzaɪɹəbl,1,1,0,1,0
dɪziz,1,1,0,1,0
dɪzɜɹv,1,1,0,1,0
dəɹɛkt,1,1,0,1,0
dɪɹɛkt,1,1,0,1,0
dəɹɛktlɪ,1,1,0,1,0
dəɹɛktəɹ,1,1,0,1,0
dɪɹɛktəɹ,1,1,0,1,0
dɪɹɛktəɹɪ,1,1,0,1,0
dɪɹɛkʃən,1,1,0,1,0
dɪɡɹi,1,1,0,1,0
dɔnɪ,1,1,0,1,0
dʌbl,1,1,0,1,0
dɛd,1,1,0,1,0
dɪd,1,1,0,1,0
dɪdnt,1,1,0,1,0
dɪdʒətəl,1,1,0,1,0
dɛf,1,1,0,1,0
dɛfn,1,1,0,1,0
dɪfəkəlt,1,1,0,1,0
dɪfəkəltɪ,1,1,0,1,0
dɪfɪkʌltɪz,1,1,0,1,0
dɪfəɹɛns,1,1,0,1,0
dɪfəɹɛnt,1,1,0,1,0
dʌk,1,1,0,1,0
dɑktəɹ,1,1,0,1,0
dɑkyəmɛnt,1,1,0,1,0
dɑkyəmɛnəd,1,1,0,1,0
dɛkəɹeɪt,1,1,0,1,0
dɪkʃənɛɹɪ,1,1,0,1,0
dʌl,1,1,0,1,0
dɪlɡ,1,1,0,1,0
dɛləkɛt,1,1,0,1,0
dɑləɹ,1,1,0,1,0
dɔləɹz,1,1,0,1,0
dɑləɹz,1,1,0,1,0
dʌn,1,1,0,1,0
dɔnt,1,1,0,1,0
dɪnəɹ,1,1,0,1,0
dɪp,1,1,0,1,0
dɛpyutɪz,1,1,0,1,0
dɛpθ,1,1,0,1,0
dɛsk,1,1,0,1,0
dɑst,1,1,0,1,0
dʌst,1,1,0,1,0
dɪstəns,1,1,0,1,0
dɪstənt,1,1,0,1,0
dɪstɹɪkt,1,1,0,1,0
dɛsəməl,1,1,0,1,0
dɪsəplən,1,1,0,1,0
dɛt,1,1,0,1,0
dɑt,1,1,0,1,0
dɪtʃ,1,1,0,1,0
dɔtəɹ,1,1,0,1,0
dʌtəɹ,1,1,0,1,0
dɛvəl,1,1,0,1,0
dɛvɪnɪ,1,1,0,1,0
dʌz,1,1,0,1,0
dʌzn,1,1,0,1,0
dʌznt,1,1,0,1,0
dɛzəɹt,1,1,0,1,0
dɔɹweɪ,1,1,0,1,0
dɛθ,1,1,0,1,0
dɪɡ,1,1,0,1,0
dɪʃ,1,1,0,1,0
dɔɡ,1,1,0,1,0
dɔɹ,1,1,0,1,0
dʌɡ,1,1,0,1,0
dɛə,1,1,0,1,0
dɪə,1,1,0,1,0
dɜɹfəlɪŋəɹ,1,1,0,1,0
dɑɹk,1,1,0,1,0
dɑɹkn,1,1,0,1,0
dɑŋkɪ,1,1,0,1,0
dɜɹt,1,1,0,1,0
dɜɹtɪ,1,1,0,1,0
dɑɹtəɹ,1,1,0,1,0
dɛʃɔ,1,1,0,1,0
dɛɹɪbɛɹɪ,1,1,0,1,0
dɔɹɪs,1,1,0,1,0
dɛɹɪŋ,1,1,0,1,0
dʊɹɪŋ,1,1,0,1,0
dɛkləɹeɪʃən,1,1,0,1,0
dɛkəɹeɪʃən,1,1,0,1,0
dɪskəntɛntɪdlɪ,1,1,0,1,0
dɪskəntɪnyueɪʃən,1,1,0,1,0
dɪsədvæntɪdʒd,1,1,0,1,0
dɪsɹɪspɛkt,1,1,0,1,0
dɪsɹɪɡɑɹd,1,1,0,1,0
dɪsætɪsfækʃən,1,1,0,1,0
dɪsaɪd,1,1,0,1,0
dɪsaɪdɪd,1,1,0,1,0
dɪskʌʃən,1,1,0,1,0
dɪsɪplɪnɛɹɪənz,1,1,0,1,0
dɪsəpɪə,1,1,0,1,0
dɪsəpɪəɹəns,1,1,0,1,0
dɪsəpɹuv,1,1,0,1,0
dɪsəpɔɪnt,1,1,0,1,0
dɪsəpɔɪntɪd,1,1,0,1,0
dɪsəsoʊʃɪəɪtəd,1,1,0,1,0
dɛzɪɡniz,1,1,0,1,0
dɑɹdʒilɪŋ,1,1,0,1,0
dʒækɪ,1,1,0,1,0
dʒænyuɛɹɪ,1,1,0,1,0
dɹæɡ,1,1,0,1,0
dɹaɪ,1,1,0,1,0
dɹaɪlɪ,1,1,0,1,0
dɹaʊn,1,1,0,1,0
dɹaɪv,1,1,0,1,0
dɹaɪvz,1,1,0,1,0
dʒeɪmz,1,1,0,1,0
dʒeɪmɪsən,1,1,0,1,0
dɹim,1,1,0,1,0
dʒinz,1,1,0,1,0
dʒizʌs,1,1,0,1,0
dʒiəmɑti,1,1,0,1,0
dʒiəʊpəlɪtɪkəlɪ,1,1,0,1,0
dʒoʊk,1,1,0,1,0
dʒudɪɪzm,1,1,0,1,0
dʒudɪɪzəm,1,1,0,1,0
dʒufɹɪdə,1,1,0,1,0
dʒun,1,1,0,1,0
dʒus,1,1,0,1,0
dʒuz,1,1,0,1,0
dʒuəlɹɪ,1,1,0,1,0
dʒuəl,1,1,0,1,0
dʒulaɪ,1,1,0,1,0
dɹəkoʊnɪən,1,1,0,1,0
dʒɛnɑdɪ,1,1,0,1,0
dʒəɹɑɹd,1,1,0,1,0
dɹɔ,1,1,0,1,0
dʒɔ,1,1,0,1,0
dʒɑb,1,1,0,1,0
dʒɑbz,1,1,0,1,0
dɹɔdaʊn,1,1,0,1,0
dʒʌdʒmənt,1,1,0,1,0
dʒʌdʒ,1,1,0,1,0
dʒɛlɪ,1,1,0,1,0
dʒɑlɪ,1,1,0,1,0
dʒɛləs,1,1,0,1,0
dʒɛləsɪ,1,1,0,1,0
dɹʌm,1,1,0,1,0
dʒʌmp,1,1,0,1,0
dʒɑn,1,1,0,1,0
dʒɛntlmən,1,1,0,1,0
dʒɛntl,1,1,0,1,0
dʒɛnɛɹəl,1,1,0,1,0
dʒɑnəθən,1,1,0,1,0
dʒɛnəɹəs,1,1,0,1,0
dɹɑp,1,1,0,1,0
dɹɛs,1,1,0,1,0
dʒʌst,1,1,0,1,0
dʒʌstɪfaɪ,1,1,0,1,0
dʒʌstəs,1,1,0,1,0
dɹɪvn,1,1,0,1,0
dɹɔɹ,1,1,0,1,0
dɹʌɡ,1,1,0,1,0
dʒɔʃ,1,1,0,1,0
dɹɪŋk,1,1,0,1,0
dɹʌŋk,1,1,0,1,0
dʒʌŋkɪəst,1,1,0,1,0
dʒʌɡlz,1,1,0,1,0
dʒɜɹnɪ,1,1,0,1,0
dʒɜɹnəl,1,1,0,1,0
dɹʌɡz,1,1,0,1,0
dʒɔʃʊə,1,1,0,1,0
dʒɛnɛɹeɪʃən,1,1,0,1,0
dʒɛɹəntɑlədʒɪ,1,1,0,1,0
dʒɔɪ,1,1,0,1,0
dʒɔɪn,1,1,0,1,0
dʒɔɪnt,1,1,0,1,0
dʒɔɪz,1,1,0,1,0
eɪbl,1,1,0,1,0
eɪdʒ,1,1,0,1,0
eɪdən,1,1,0,1,0
eɪdəɹ,1,1,0,1,0
eɪdʒɛnsɪ,1,1,0,1,0
eɪdʒənt,1,1,0,1,0
eɪk,1,1,0,1,0
eɪkɪn,1,1,0,1,0
eɪkɔɹn,1,1,0,1,0
eɪm,1,1,0,1,0
eɪntʃənt,1,1,0,1,0
eɪpɹəl,1,1,0,1,0
eɪt,1,1,0,1,0
eɪtθ,1,1,0,1,0
fækt,1,1,0,1,0
fæktəɹ,1,1,0,1,0
fæktəɹɪ,1,1,0,1,0
fæməlɪ,1,1,0,1,0
fæməlɪz,1,1,0,1,0
fæn,1,1,0,1,0
fænsɪ,1,1,0,1,0
fænsɪəɹz,1,1,0,1,0
fæs,1,1,0,1,0
fæst,1,1,0,1,0
fæstəɹ,1,1,0,1,0
fæsən,1,1,0,1,0
fæsənəɹ,1,1,0,1,0
fæt,1,1,0,1,0
fætn,1,1,0,1,0
fæʃən,1,1,0,1,0
fæʃənəbl,1,1,0,1,0
faʊndeɪʃən,1,1,0,1,0
faɪ,1,1,0,1,0
faɪl,1,1,0,1,0
faɪn,1,1,0,1,0
faɪnd,1,1,0,1,0
faʊnd,1,1,0,1,0
faɪnəl,1,1,0,1,0
faɪnəlɪ,1,1,0,1,0
faɪt,1,1,0,1,0
faɪv,1,1,0,1,0
faɪəɹ,1,1,0,1,0
faɪəɹpleɪs,1,1,0,1,0
feɪd,1,1,0,1,0
feɪl,1,1,0,1,0
feɪlyəɹ,1,1,0,1,0
feɪm,1,1,0,1,0
feɪməs,1,1,0,1,0
feɪnt,1,1,0,1,0
feɪs,1,1,0,1,0
feɪt,1,1,0,1,0
feɪvəɹ,1,1,0,1,0
feɪvəɹz,1,1,0,1,0
feɪvəɹəbl,1,1,0,1,0
feɪvəɹɪt,1,1,0,1,0
feɪθfəl,1,1,0,1,0
feɪθ,1,1,0,1,0
fid,1,1,0,1,0
fil,1,1,0,1,0
fild,1,1,0,1,0
filɪŋ,1,1,0,1,0
filɪŋz,1,1,0,1,0
fimeɪl,1,1,0,1,0
fisiz,1,1,0,1,0
fist,1,1,0,1,0
fit,1,1,0,1,0
fitʃəɹ,1,1,0,1,0
fitʃəɹz,1,1,0,1,0
fivəɹ,1,1,0,1,0
flæmbɔɪənt,1,1,0,1,0
flænəlz,1,1,0,1,0
flæt,1,1,0,1,0
flætn,1,1,0,1,0
flætən,1,1,0,1,0
flawəɹ,1,1,0,1,0
flæɡʃɪp,1,1,0,1,0
flæɡ,1,1,0,1,0
flæʃ,1,1,0,1,0
flaɪ,1,1,0,1,0
flaʊndəɹ,1,1,0,1,0
flaɪt,1,1,0,1,0
fleɪm,1,1,0,1,0
fleɪvəɹ,1,1,0,1,0
floʊ,1,1,0,1,0
floʊt,1,1,0,1,0
fləmɪŋɡəʊz,1,1,0,1,0
flɔd,1,1,0,1,0
flʌd,1,1,0,1,0
flɛʃ,1,1,0,1,0
flɔɹ,1,1,0,1,0
flɜɹɪʃ,1,1,0,1,0
flʌɹɪʃ,1,1,0,1,0
flɔɪ,1,1,0,1,0
foʊkstoʊn,1,1,0,1,0
foʊkəs,1,1,0,1,0
foʊkəst,1,1,0,1,0
foʊld,1,1,0,1,0
foʊn,1,1,0,1,0
foʊtoʊ,1,1,0,1,0
foʊtəɡɹæf,1,1,0,1,0
fud,1,1,0,1,0
ful,1,1,0,1,0
fulɪʃ,1,1,0,1,0
fyu,1,1,0,1,0
fyunəɹəl,1,1,0,1,0
fyutʃəɹ,1,1,0,1,0
fɪftin,1,1,0,1,0
fʊlfɪl,1,1,0,1,0
fəmɪlyəɹ,1,1,0,1,0
fənænʃəl,1,1,0,1,0
fəsɪlɪtɪ,1,1,0,1,0
fətɑɡɹəfɪ,1,1,0,1,0
fɔɹteɪst,1,1,0,1,0
fɔɹbɪd,1,1,0,1,0
fɔɹtuɪtəs,1,1,0,1,0
fɛɹʌɹi,1,1,0,1,0
fɪɡɜɹskɪ,1,1,0,1,0
fɔɹɡɛt,1,1,0,1,0
fɔɹɡɪv,1,1,0,1,0
fɛbyəwɛɹɪ,1,1,0,1,0
fɛdəɹəl,1,1,0,1,0
fɛdɛɹəl,1,1,0,1,0
fɛdɹəlɪzm,1,1,0,1,0
fɛdɹəlɪzəm,1,1,0,1,0
fɪftɪ,1,1,0,1,0
fɪfθ,1,1,0,1,0
fɪks,1,1,0,1,0
fɑks,1,1,0,1,0
fʊlnɛs,1,1,0,1,0
fɔl,1,1,0,1,0
fɪl,1,1,0,1,0
fʊl,1,1,0,1,0
fɛld,1,1,0,1,0
fɔldz,1,1,0,1,0
fɪlm,1,1,0,1,0
fɔls,1,1,0,1,0
fɔlt,1,1,0,1,0
fɛlt,1,1,0,1,0
fɛləʊ,1,1,0,1,0
fɑləʊ,1,1,0,1,0
fɑləʊɪŋ,1,1,0,1,0
fɛləʊʃɪp,1,1,0,1,0
fʌn,1,1,0,1,0
fɑnd,1,1,0,1,0
fʌnd,1,1,0,1,0
fɛns,1,1,0,1,0
fʌnɪ,1,1,0,1,0
fɪnɪʃ,1,1,0,1,0
fʊtbɔl,1,1,0,1,0
fʊtpæθ,1,1,0,1,0
fʊtstɛp,1,1,0,1,0
fɪt,1,1,0,1,0
fʊt,1,1,0,1,0
fɑtə,1,1,0,1,0
fɪtɪd,1,1,0,1,0
fɪzɪkəl,1,1,0,1,0
fɛzənt,1,1,0,1,0
fɑðəɹ,1,1,0,1,0
fɛðəɹ,1,1,0,1,0
fɑðəɹz,1,1,0,1,0
fɔɹhɛd,1,1,0,1,0
fɑɹ,1,1,0,1,0
fɪʃ,1,1,0,1,0
fɔɹ,1,1,0,1,0
fɜɹ,1,1,0,1,0
fɛə,1,1,0,1,0
fɪə,1,1,0,1,0
fɜɹbɪʃɪŋ,1,1,0,1,0
fɔɹk,1,1,0,1,0
fɔɹkəɹ,1,1,0,1,0
fʌŋkʃən,1,1,0,1,0
fɑɹmyɑɹd,1,1,0,1,0
fɑɹm,1,1,0,1,0
fɜɹm,1,1,0,1,0
fɔɹm,1,1,0,1,0
fɔɹməl,1,1,0,1,0
fɑɹməɹ,1,1,0,1,0
fɔɹməɹ,1,1,0,1,0
fɔɹməɹlɪ,1,1,0,1,0
fɜɹnɪtʃəɹ,1,1,0,1,0
fɜɹnɪʃ,1,1,0,1,0
fɪɹs,1,1,0,1,0
fɔɹs,1,1,0,1,0
fɜɹst,1,1,0,1,0
fɜɹsən,1,1,0,1,0
fɔɹt,1,1,0,1,0
fɔɹtʃunət,1,1,0,1,0
fɔɹtʃʊn,1,1,0,1,0
fɑɹveɪ,1,1,0,1,0
fɔɹwəɹd,1,1,0,1,0
fɔɹwəɹdz,1,1,0,1,0
fɪɡyʊɹ,1,1,0,1,0
fɑɹðəɹ,1,1,0,1,0
fɜɹðəɹ,1,1,0,1,0
fɔɹθ,1,1,0,1,0
fɛɹɪ,1,1,0,1,0
fɔɹɪd,1,1,0,1,0
fɛɹɪk,1,1,0,1,0
fɔɹən,1,1,0,1,0
fɔɹɪn,1,1,0,1,0
fɔɹɪnəɹ,1,1,0,1,0
fɔɹəst,1,1,0,1,0
fɪʃəɹmæn,1,1,0,1,0
fɪŋɡəɹ,1,1,0,1,0
fɛmənɪnətɪ,1,1,0,1,0
fɔɹtəfəkeɪʃənz,1,1,0,1,0
fɹænsɪs,1,1,0,1,0
fɹæŋklɪn,1,1,0,1,0
fɹæŋkəfaɪl,1,1,0,1,0
fɹænsɪskoʊ,1,1,0,1,0
fɹaɪ,1,1,0,1,0
fɹaɪt,1,1,0,1,0
fɹaɪtn,1,1,0,1,0
fɹaɪtənɪŋ,1,1,0,1,0
fɹaɪəɹ,1,1,0,1,0
fɹeɪmwɜɹk,1,1,0,1,0
fɹeɪm,1,1,0,1,0
fɹeɪz,1,1,0,1,0
fɹi,1,1,0,1,0
fɹidəm,1,1,0,1,0
fɹidəmz,1,1,0,1,0
fɹikwənsɪ,1,1,0,1,0
fɹikwənt,1,1,0,1,0
fɹiz,1,1,0,1,0
fɹiə,1,1,0,1,0
fɹutlɛs,1,1,0,1,0
fɹut,1,1,0,1,0
fɹʌm,1,1,0,1,0
fɹɛnd,1,1,0,1,0
fɹɛndlɪ,1,1,0,1,0
fɹɛndz,1,1,0,1,0
fɹɛndʃɪp,1,1,0,1,0
fɹʌnt,1,1,0,1,0
fɹɛntʃ,1,1,0,1,0
fɹɛʃ,1,1,0,1,0
fɹɪɡɪŋ,1,1,0,1,0
gaɪɛtɪ,1,1,0,1,0
gɔ,1,1,0,1,0
gɑɹdnəɹ,1,1,0,1,0
gɑɹtnəɹ,1,1,0,1,0
hæphæzəɹd,1,1,0,1,0
hæbət,1,1,0,1,0
hæd,1,1,0,1,0
hæf,1,1,0,1,0
hælpəɹ,1,1,0,1,0
hæmdən,1,1,0,1,0
hæməɹ,1,1,0,1,0
hændɹaɪtɪŋ,1,1,0,1,0
hændʃeɪk,1,1,0,1,0
hænd,1,1,0,1,0
hændl,1,1,0,1,0
hændz,1,1,0,1,0
hæpn,1,1,0,1,0
hæpɪ,1,1,0,1,0
hæpənd,1,1,0,1,0
hæpənz,1,1,0,1,0
hæpɪnəs,1,1,0,1,0
hæpənɪŋ,1,1,0,1,0
hæt,1,1,0,1,0
hæv,1,1,0,1,0
hævɪŋ,1,1,0,1,0
hæz,1,1,0,1,0
hæŋ,1,1,0,1,0
hæŋkəɹtʃɪf,1,1,0,1,0
haɪ,1,1,0,1,0
haʊ,1,1,0,1,0
haɪd,1,1,0,1,0
haɪkɪlə,1,1,0,1,0
haɪlɪ,1,1,0,1,0
haʊs,1,1,0,1,0
haɪstəɹ,1,1,0,1,0
haɪt,1,1,0,1,0
haɪtn,1,1,0,1,0
haɪweɪ,1,1,0,1,0
haɪəɹ,1,1,0,1,0
haʊɪŋtən,1,1,0,1,0
haɪbɜɹnɪəz,1,1,0,1,0
haɪpəmænɪk,1,1,0,1,0
haɪpəmeɪnɪə,1,1,0,1,0
haʊɛvəɹ,1,1,0,1,0
heɪ,1,1,0,1,0
heɪsn,1,1,0,1,0
heɪst,1,1,0,1,0
heɪstɪ,1,1,0,1,0
heɪt,1,1,0,1,0
heɪtɹɪd,1,1,0,1,0
heɪwʊd,1,1,0,1,0
hi,1,1,0,1,0
hil,1,1,0,1,0
hip,1,1,0,1,0
hit,1,1,0,1,0
hiə,1,1,0,1,0
hoɹaɪzn,1,1,0,1,0
hoɹaɪzən,1,1,0,1,0
hoʊldaʊt,1,1,0,1,0
hoʊlseɪləɹz,1,1,0,1,0
hoʊl,1,1,0,1,0
hoʊld,1,1,0,1,0
hoʊlɪ,1,1,0,1,0
hoʊmkʌmɪŋ,1,1,0,1,0
hoʊmmeɪd,1,1,0,1,0
hoʊmwɜɹk,1,1,0,1,0
hoʊm,1,1,0,1,0
hoʊp,1,1,0,1,0
hoʊpfəl,1,1,0,1,0
hoʊpləs,1,1,0,1,0
hoʊst,1,1,0,1,0
hoʊməʊsɛkʃʊəl,1,1,0,1,0
hoʊməʊsɛkʃʊæləti,1,1,0,1,0
huɛvəɹ,1,1,0,1,0
hu,1,1,0,1,0
hudə,1,1,0,1,0
hum,1,1,0,1,0
huz,1,1,0,1,0
hwaɪ,1,1,0,1,0
hwaɪl,1,1,0,1,0
hwaɪthɛə,1,1,0,1,0
hwaɪtlɑk,1,1,0,1,0
hwɛn,1,1,0,1,0
hwɪskt,1,1,0,1,0
hwʌt,1,1,0,1,0
hwɪtʃ,1,1,0,1,0
hwɛðəɹ,1,1,0,1,0
hwɛə,1,1,0,1,0
hwɜɹlɪŋ,1,1,0,1,0
hwʌtɛvəɹ,1,1,0,1,0
hyudʒ,1,1,0,1,0
hyumən,1,1,0,1,0
hyumənz,1,1,0,1,0
hyumɔɹ,1,1,0,1,0
hyuməɹəs,1,1,0,1,0
həbibɪ,1,1,0,1,0
həbɪtʃʊəl,1,1,0,1,0
həloʊ,1,1,0,1,0
hɪmsɛlf,1,1,0,1,0
hɪstɔɹɪkəl,1,1,0,1,0
həɹsɛlf,1,1,0,1,0
həɹz,1,1,0,1,0
hɪɡɪnbɑθəm,1,1,0,1,0
hʊɹɑ,1,1,0,1,0
hɛd,1,1,0,1,0
hɛdeɪk,1,1,0,1,0
hʌdl,1,1,0,1,0
hɛdz,1,1,0,1,0
hɛdɹɛs,1,1,0,1,0
hɑfləɹ,1,1,0,1,0
hʌfɪ,1,1,0,1,0
hʊk,1,1,0,1,0
ɪlnəs,1,1,0,1,0
hɔl,1,1,0,1,0
hɪl,1,1,0,1,0
hɛld,1,1,0,1,0
hɛlp,1,1,0,1,0
hɛlpfəl,1,1,0,1,0
hɛlθ,1,1,0,1,0
hɑlɪdeɪ,1,1,0,1,0
hɛlθɪ,1,1,0,1,0
hɑləʊ,1,1,0,1,0
hɛm,1,1,0,1,0
hɪm,1,1,0,1,0
hʌm,1,1,0,1,0
hʌmbl,1,1,0,1,0
hʌmfɹɪ,1,1,0,1,0
hɛn,1,1,0,1,0
hɪndəɹ,1,1,0,1,0
hʌndɹɛd,1,1,0,1,0
hʌndɹɛdz,1,1,0,1,0
hʌndɹɛdθ,1,1,0,1,0
hɪndɹəns,1,1,0,1,0
hʌnt,1,1,0,1,0
hɑps,1,1,0,1,0
hɑspɪtəl,1,1,0,1,0
hɪstəɹɪ,1,1,0,1,0
hɪt,1,1,0,1,0
hɑt,1,1,0,1,0
hʌt,1,1,0,1,0
hɑtwaɪəɹd,1,1,0,1,0
hɛtɹɪk,1,1,0,1,0
hɛvnlɪ,1,1,0,1,0
hɛvn,1,1,0,1,0
hɛvɪ,1,1,0,1,0
hɛvənlɪ,1,1,0,1,0
hɛvən,1,1,0,1,0
hɪz,1,1,0,1,0
hʌzbənd,1,1,0,1,0
hɛzəteɪt,1,1,0,1,0
hɜɹ,1,1,0,1,0
hɛə,1,1,0,1,0
hɑɹbəɹ,1,1,0,1,0
hɑɹdʃɪp,1,1,0,1,0
hɑɹd,1,1,0,1,0
hɜɹd,1,1,0,1,0
hɑɹdlɪ,1,1,0,1,0
hɑɹdn,1,1,0,1,0
hɑɹdən,1,1,0,1,0
hʌŋk,1,1,0,1,0
hɑɹm,1,1,0,1,0
hɑɹmfəl,1,1,0,1,0
hɑɹmləs,1,1,0,1,0
hɔɹn,1,1,0,1,0
hɜɹnɪ,1,1,0,1,0
hɑɹpəɹz,1,1,0,1,0
hɔɹs,1,1,0,1,0
hɔɹsɪz,1,1,0,1,0
hɑɹt,1,1,0,1,0
hɜɹt,1,1,0,1,0
hɜɹtlɪŋ,1,1,0,1,0
hɑɹvəst,1,1,0,1,0
hɛɹɪ,1,1,0,1,0
hʌɡɪ,1,1,0,1,0
hɜɹɪ,1,1,0,1,0
hɛɹɪsənz,1,1,0,1,0
hɛɹɪtɪdʒ,1,1,0,1,0
hɜɹɪŋ,1,1,0,1,0
hʌŋɡəɹ,1,1,0,1,0
hʌŋɡɹɪ,1,1,0,1,0
hɑnəluluz,1,1,0,1,0
hɛzəteɪʃən,1,1,0,1,0
hɔɹəzɑntəl,1,1,0,1,0
həʊtɛl,1,1,0,1,0
ikwɔl,1,1,0,1,0
ist,1,1,0,1,0
istəɹn,1,1,0,1,0
it,1,1,0,1,0
itʃ,1,1,0,1,0
itən,1,1,0,1,0
ivn,1,1,0,1,0
ivnɪŋ,1,1,0,1,0
ivəl,1,1,0,1,0
iz,1,1,0,1,0
izɪ,1,1,0,1,0
izəlɪ,1,1,0,1,0
iðəɹ,1,1,0,1,0
iə,1,1,0,1,0
iɡəɹ,1,1,0,1,0
juɹ,1,1,0,1,0
jʊnoʊ,1,1,0,1,0
kæmpeɪn,1,1,0,1,0
kæɹɪə,1,1,0,1,0
kælkyəleɪt,1,1,0,1,0
kælkyəleɪtəɹ,1,1,0,1,0
kæləmaɪnz,1,1,0,1,0
kæmbɛl,1,1,0,1,0
kæmp,1,1,0,1,0
kæmɛɹə,1,1,0,1,0
kæn,1,1,0,1,0
kændl,1,1,0,1,0
kænsəɹ,1,1,0,1,0
kænt,1,1,0,1,0
kænədə,1,1,0,1,0
kæp,1,1,0,1,0
kæptɛn,1,1,0,1,0
kæpɪtəl,1,1,0,1,0
kæsl,1,1,0,1,0
kæsɪs,1,1,0,1,0
kæt,1,1,0,1,0
kætl,1,1,0,1,0
kætʃ,1,1,0,1,0
kawəɹdəs,1,1,0,1,0
kæɹæktəɹ,1,1,0,1,0
kæɹɪ,1,1,0,1,0
kælkyʊleɪʃən,1,1,0,1,0
kaʊ,1,1,0,1,0
kaɪnd,1,1,0,1,0
kaɪndz,1,1,0,1,0
kaʊnsəl,1,1,0,1,0
kaʊnt,1,1,0,1,0
kaʊntɪ,1,1,0,1,0
kaʊntəɹfɪtəɹz,1,1,0,1,0
kaʊnəɹtʃɑɹdʒɪz,1,1,0,1,0
kaɪnəɹ,1,1,0,1,0
keɪ,1,1,0,1,0
keɪdʒ,1,1,0,1,0
keɪk,1,1,0,1,0
keɪm,1,1,0,1,0
keɪnz,1,1,0,1,0
keɪp,1,1,0,1,0
keɪs,1,1,0,1,0
keɪsɪz,1,1,0,1,0
keɪv,1,1,0,1,0
keɪzəɹ,1,1,0,1,0
ki,1,1,0,1,0
kin,1,1,0,1,0
kip,1,1,0,1,0
kiz,1,1,0,1,0
klæs,1,1,0,1,0
klæsp,1,1,0,1,0
klæsəfaɪ,1,1,0,1,0
klæsəfəkeɪʃən,1,1,0,1,0
klaʊd,1,1,0,1,0
klaɪm,1,1,0,1,0
klaɪmət,1,1,0,1,0
klaɪənt,1,1,0,1,0
kleɪ,1,1,0,1,0
kleɪm,1,1,0,1,0
klin,1,1,0,1,0
kliʃeɪd,1,1,0,1,0
kloʊs,1,1,0,1,0
kloʊð,1,1,0,1,0
kloʊðz,1,1,0,1,0
kloʊðɪŋ,1,1,0,1,0
klʌb,1,1,0,1,0
klɪf,1,1,0,1,0
klɑkwɜɹk,1,1,0,1,0
klɪk,1,1,0,1,0
klɑk,1,1,0,1,0
klʌkɪŋ,1,1,0,1,0
klɛvəɹ,1,1,0,1,0
klɔθ,1,1,0,1,0
klɪə,1,1,0,1,0
klɜɹk,1,1,0,1,0
klʌŋkəɹz,1,1,0,1,0
koʊbɔlt,1,1,0,1,0
koʊd,1,1,0,1,0
koʊl,1,1,0,1,0
koʊld,1,1,0,1,0
koʊlt,1,1,0,1,0
koʊm,1,1,0,1,0
koʊn,1,1,0,1,0
koʊnən,1,1,0,1,0
koʊst,1,1,0,1,0
koʊt,1,1,0,1,0
koʊəlɛsɪz,1,1,0,1,0
koʊəlɪʃənz,1,1,0,1,0
kul,1,1,0,1,0
kulz,1,1,0,1,0
kwaɪt,1,1,0,1,0
kwaɪɛt,1,1,0,1,0
kweɪzaɪ,1,1,0,1,0
kwin,1,1,0,1,0
kwɪklɪ,1,1,0,1,0
kwɪk,1,1,0,1,0
kwɑləfaɪ,1,1,0,1,0
kwɑləfaɪɪŋ,1,1,0,1,0
kwɑlətɪ,1,1,0,1,0
kwɑn,1,1,0,1,0
kwɑntətɪ,1,1,0,1,0
kwɛstʃən,1,1,0,1,0
kwɛstʃənz,1,1,0,1,0
kwɑsɪ,1,1,0,1,0
kwɔɹt,1,1,0,1,0
kwɔɹtəɹ,1,1,0,1,0
kwɔɹtəɹbæk,1,1,0,1,0
kwɔɹəl,1,1,0,1,0
kwɑləfəkeɪʃən,1,1,0,1,0
kwɑlɪteɪtɪvlɪ,1,1,0,1,0
kyusəʊ,1,1,0,1,0
kyʊə,1,1,0,1,0
kyʊɹɪəs,1,1,0,1,0
kəlɛkt,1,1,0,1,0
kəlɛktəɹ,1,1,0,1,0
kəlɛkʃən,1,1,0,1,0
kəlɑmbʌs,1,1,0,1,0
kəlɑmətəɹ,1,1,0,1,0
kəlɪɡɹəfɪ,1,1,0,1,0
kəmænd,1,1,0,1,0
kəmbaɪnəbl,1,1,0,1,0
kəmpænyənʃɪp,1,1,0,1,0
kəmpænɪən,1,1,0,1,0
kəmpæʃən,1,1,0,1,0
kəmpit,1,1,0,1,0
kəmpleɪn,1,1,0,1,0
kəmpleɪnt,1,1,0,1,0
kəmplit,1,1,0,1,0
kəmplitlɪ,1,1,0,1,0
kəmpliʃən,1,1,0,1,0
kəmpoʊz,1,1,0,1,0
kəmpyutəɹ,1,1,0,1,0
kəmpyutəɹz,1,1,0,1,0
kəmpɛtətəɹ,1,1,0,1,0
kəmpɛə,1,1,0,1,0
kəmpɛɹəsən,1,1,0,1,0
kəmyunətɪ,1,1,0,1,0
kəmyunəkeɪʃən,1,1,0,1,0
kəmɪt,1,1,0,1,0
kəmɪtɪ,1,1,0,1,0
kəmɪtɪd,1,1,0,1,0
kəmɪtɪŋ,1,1,0,1,0
kəmɪʃən,1,1,0,1,0
kəmɜɹʃəl,1,1,0,1,0
kəmɛməɹeɪʃən,1,1,0,1,0
kənæl,1,1,0,1,0
kəndʌkts,1,1,0,1,0
kəndɪʃən,1,1,0,1,0
kəndɪʃənz,1,1,0,1,0
kəndɪʃənəlɪ,1,1,0,1,0
kənfyuz,1,1,0,1,0
kənfyuʒən,1,1,0,1,0
kənfɛs,1,1,0,1,0
kənfɛʃən,1,1,0,1,0
kənkɑkʃənz,1,1,0,1,0
kənstɹʌkʃən,1,1,0,1,0
kənsɪdəɹ,1,1,0,1,0
kənsɪdəɹd,1,1,0,1,0
kənsɪst,1,1,0,1,0
kənsɜɹn,1,1,0,1,0
kənsɜɹnɪŋ,1,1,0,1,0
kənsɛpsɪoʊn,1,1,0,1,0
kəntæməneɪʃən,1,1,0,1,0
kənteɪn,1,1,0,1,0
kəntɪnyu,1,1,0,1,0
kəntɪnyuəs,1,1,0,1,0
kəntɹoʊl,1,1,0,1,0
kəntɹoʊləɹz,1,1,0,1,0
kənvinɪɛns,1,1,0,1,0
kənvinɪɛnt,1,1,0,1,0
kənɛkt,1,1,0,1,0
kənɛktɪd,1,1,0,1,0
kənɛkʃən,1,1,0,1,0
kənɡɹætʃəleɪt,1,1,0,1,0
kənɡɹætʃəleɪʃən,1,1,0,1,0
kɪsɪmɪ,1,1,0,1,0
kɔɹnilyɪs,1,1,0,1,0
kəɹteɪlmənts,1,1,0,1,0
kəɹɛkt,1,1,0,1,0
kəɹɪkyəlɜɹ,1,1,0,1,0
kəɹɛkʃən,1,1,0,1,0
kəɹɪə,1,1,0,1,0
kʌbəɹd,1,1,0,1,0
kʊd,1,1,0,1,0
kʌd,1,1,0,1,0
kɪd,1,1,0,1,0
kɪdz,1,1,0,1,0
kɑf,1,1,0,1,0
kɑfɪ,1,1,0,1,0
kʊkbʊk,1,1,0,1,0
kʊk,1,1,0,1,0
kɪk,1,1,0,1,0
kɔl,1,1,0,1,0
kɪl,1,1,0,1,0
kɔld,1,1,0,1,0
kɪld,1,1,0,1,0
kɪloʊ,1,1,0,1,0
kʌltəveɪt,1,1,0,1,0
kʌltɪveɪtəɹ,1,1,0,1,0
kʌltʃəɹ,1,1,0,1,0
kɑlɪdʒ,1,1,0,1,0
kɑlənɪ,1,1,0,1,0
kɑləɹ,1,1,0,1,0
kɑlɪɡ,1,1,0,1,0
kʌləɹ,1,1,0,1,0
kɪləɡɹæm,1,1,0,1,0
kɑləʊ,1,1,0,1,0
kɑm,1,1,0,1,0
kʌm,1,1,0,1,0
kɑmbaɪn,1,1,0,1,0
kʌmfɪ,1,1,0,1,0
kʌmfəɹt,1,1,0,1,0
kʌmfəɹtəbl,1,1,0,1,0
kɛmp,1,1,0,1,0
kɑmpaʊnd,1,1,0,1,0
kɑmpləkeɪt,1,1,0,1,0
kɑmpləkeɪtəd,1,1,0,1,0
kɑmplɛks,1,1,0,1,0
kʌmpəni,1,1,0,1,0
kʌmpəniz,1,1,0,1,0
kɑmpɹɛsəz,1,1,0,1,0
kʌmz,1,1,0,1,0
kɑmə,1,1,0,1,0
kɛmɪkəl,1,1,0,1,0
kɑmən,1,1,0,1,0
kɑmɛnt,1,1,0,1,0
kɛmɪstɹɪ,1,1,0,1,0
kɑmɪz,1,1,0,1,0
kʌmɪŋ,1,1,0,1,0
kɑməɹs,1,1,0,1,0
kɑndəkt,1,1,0,1,0
kɑnfədɛns,1,1,0,1,0
kɑnfədənt,1,1,0,1,0
kɑnfədɛnsɪz,1,1,0,1,0
kɑnfəɹəns,1,1,0,1,0
kɑnfəɹɛns,1,1,0,1,0
kɑnstɑɹ,1,1,0,1,0
kɑnsənənt,1,1,0,1,0
kɑnsəɹt,1,1,0,1,0
kɑntækt,1,1,0,1,0
kɑntɛnt,1,1,0,1,0
kɑntɛnts,1,1,0,1,0
kɑntɹæst,1,1,0,1,0
kɑntɹækt,1,1,0,1,0
kʌntɹɪ,1,1,0,1,0
kʌntɹɪz,1,1,0,1,0
kɪnə,1,1,0,1,0
kɑnʃəns,1,1,0,1,0
kɑnʃəs,1,1,0,1,0
kʌp,1,1,0,1,0
kʌpl,1,1,0,1,0
kɑpɪ,1,1,0,1,0
kɑpəɹ,1,1,0,1,0
kɑpəɹz,1,1,0,1,0
kɪs,1,1,0,1,0
kɑst,1,1,0,1,0
kɑsts,1,1,0,1,0
kʌstəm,1,1,0,1,0
kʌstəməɹ,1,1,0,1,0
kʌstəməɹz,1,1,0,1,0
kʌstəmɛɹɪ,1,1,0,1,0
kʌt,1,1,0,1,0
kɑtədʒ,1,1,0,1,0
kɑtɪdʒɪz,1,1,0,1,0
kɑtən,1,1,0,1,0
kʌtɪŋ,1,1,0,1,0
kɪtʃən,1,1,0,1,0
kʌvəɹ,1,1,0,1,0
kʌwəɹd,1,1,0,1,0
kʌwəɹdlɪ,1,1,0,1,0
kɑz,1,1,0,1,0
kɔzd,1,1,0,1,0
kʌzn,1,1,0,1,0
kʌzən,1,1,0,1,0
kɛɹfəl,1,1,0,1,0
kɑɹlɪ,1,1,0,1,0
kɛɹlɛs,1,1,0,1,0
kɑɹ,1,1,0,1,0
kɪŋ,1,1,0,1,0
kɛə,1,1,0,1,0
kɔɪ,1,1,0,1,0
kɑɹbən,1,1,0,1,0
kɑɹd,1,1,0,1,0
kɔɹd,1,1,0,1,0
kɑɹdbɔɹd,1,1,0,1,0
kɪŋdəm,1,1,0,1,0
kɔɹk,1,1,0,1,0
kɑŋkwɛst,1,1,0,1,0
kɑŋkəɹ,1,1,0,1,0
kɑŋkəɹəɹ,1,1,0,1,0
kɜɹl,1,1,0,1,0
kɑɹmən,1,1,0,1,0
kɔɹn,1,1,0,1,0
kɔɹnkɹɪb,1,1,0,1,0
kɜɹnz,1,1,0,1,0
kɔɹnəɹ,1,1,0,1,0
kɔɹpsəz,1,1,0,1,0
kɔɹs,1,1,0,1,0
kɜɹs,1,1,0,1,0
kɑɹt,1,1,0,1,0
kɔɹt,1,1,0,1,0
kɜɹtɛn,1,1,0,1,0
kɜɹv,1,1,0,1,0
kɑɹz,1,1,0,1,0
kɛɹɪ,1,1,0,1,0
kɛɹədʒ,1,1,0,1,0
kʌɹɛdʒ,1,1,0,1,0
kɛɹɪktəɹ,1,1,0,1,0
kɔɹəlz,1,1,0,1,0
kɑʃən,1,1,0,1,0
kʊʃən,1,1,0,1,0
kɜɹənt,1,1,0,1,0
kʌɹɛnt,1,1,0,1,0
kɜɹəntlɪ,1,1,0,1,0
kɔʃəs,1,1,0,1,0
kɛɹəvɛl,1,1,0,1,0
kʌltɪveɪʃən,1,1,0,1,0
kɑmbəneɪʃən,1,1,0,1,0
kɑmpləkeɪʃən,1,1,0,1,0
kɑmpətɪʃən,1,1,0,1,0
kɑmpəzɪʃən,1,1,0,1,0
kɑmpɹɪhɛnsɪv,1,1,0,1,0
kɑnfədɛnʃəl,1,1,0,1,0
kɑnstæntənoʊpl,1,1,0,1,0
kɑnsəlteɪʃən,1,1,0,1,0
kɑnvəɹseɪʃən,1,1,0,1,0
kɑɹbəʊhaɪdɹəɪts,1,1,0,1,0
kɔɹpəɹeɪʃənz,1,1,0,1,0
kɹæk,1,1,0,1,0
kɹæʃ,1,1,0,1,0
kɹaɪtɪɹɪə,1,1,0,1,0
kɹaɪ,1,1,0,1,0
kɹaʊd,1,1,0,1,0
kɹaɪm,1,1,0,1,0
kɹaʊn,1,1,0,1,0
kɹaɪst,1,1,0,1,0
kɹeɪzɪ,1,1,0,1,0
kɹeɪzɪjɜɹ,1,1,0,1,0
kɹim,1,1,0,1,0
kɹip,1,1,0,1,0
kɹitʃəɹ,1,1,0,1,0
kɹiʃnə,1,1,0,1,0
kɹoʊkipəɹz,1,1,0,1,0
kɹoʊlɪ,1,1,0,1,0
kɹoʊnɪɪzəm,1,1,0,1,0
kɹuɛl,1,1,0,1,0
kɹuɛltɪ,1,1,0,1,0
kɹɪeɪt,1,1,0,1,0
kɹɪeɪtəd,1,1,0,1,0
kɹɪeɪtɪv,1,1,0,1,0
kɹɪeɪtɪŋ,1,1,0,1,0
kəʊlməɪnɛɹəʊ,1,1,0,1,0
kəʊmɔɹɪ,1,1,0,1,0
kəʊmɪŋɡld,1,1,0,1,0
kəʊɜɹsɪv,1,1,0,1,0
kɹɛdət,1,1,0,1,0
kɹɪkɛt,1,1,0,1,0
kɹɔl,1,1,0,1,0
kɹɛl,1,1,0,1,0
kɹɪmənəl,1,1,0,1,0
kɔɪn,1,1,0,1,0
kɹʌntʃ,1,1,0,1,0
kɹɑp,1,1,0,1,0
kɹɔs,1,1,0,1,0
kɹɪsməs,1,1,0,1,0
kɹɪstɑfɜɹ,1,1,0,1,0
kɹɪstʃən,1,1,0,1,0
kɹɪtɪk,1,1,0,1,0
kɹɪtɪsaɪzɪz,1,1,0,1,0
kɹʌʃ,1,1,0,1,0
læb,1,1,0,1,0
lædəɹ,1,1,0,1,0
læk,1,1,0,1,0
læm,1,1,0,1,0
læmdə,1,1,0,1,0
læmp,1,1,0,1,0
lændlɔɹd,1,1,0,1,0
lændskeɪpɪŋ,1,1,0,1,0
lænd,1,1,0,1,0
læst,1,1,0,1,0
lætəɹ,1,1,0,1,0
læŋɡwədʒ,1,1,0,1,0
laɪbɹɛɹiən,1,1,0,1,0
laɪ,1,1,0,1,0
laɪbɹɛɹi,1,1,0,1,0
laʊd,1,1,0,1,0
laɪf,1,1,0,1,0
laɪk,1,1,0,1,0
laɪklɪ,1,1,0,1,0
laɪl,1,1,0,1,0
laɪn,1,1,0,1,0
laɪnz,1,1,0,1,0
laʊnəɹ,1,1,0,1,0
laɪsɪŋ,1,1,0,1,0
laɪt,1,1,0,1,0
laɪtl,1,1,0,1,0
laɪtn,1,1,0,1,0
laɪtnɪŋ,1,1,0,1,0
laɪv,1,1,0,1,0
laɪən,1,1,0,1,0
laɪəɹ,1,1,0,1,0
leɪ,1,1,0,1,0
leɪbəɹ,1,1,0,1,0
leɪdɪ,1,1,0,1,0
leɪk,1,1,0,1,0
leɪmən,1,1,0,1,0
leɪtlɪ,1,1,0,1,0
leɪt,1,1,0,1,0
leɪtəst,1,1,0,1,0
leɪtəɹ,1,1,0,1,0
leɪzɪ,1,1,0,1,0
lib,1,1,0,1,0
lidəɹʃɪp,1,1,0,1,0
lidəɹ,1,1,0,1,0
lidɪŋ,1,1,0,1,0
lif,1,1,0,1,0
likəʊ,1,1,0,1,0
lin,1,1,0,1,0
list,1,1,0,1,0
litəɹ,1,1,0,1,0
liv,1,1,0,1,0
liɡəl,1,1,0,1,0
lowəɹ,1,1,0,1,0
loʊ,1,1,0,1,0
loʊd,1,1,0,1,0
loʊf,1,1,0,1,0
loʊkeɪt,1,1,0,1,0
loʊkeɪtəd,1,1,0,1,0
loʊkəl,1,1,0,1,0
loʊnlɪ,1,1,0,1,0
loʊn,1,1,0,1,0
lus,1,1,0,1,0
lusn,1,1,0,1,0
luz,1,1,0,1,0
ləɹinə,1,1,0,1,0
lɔ,1,1,0,1,0
lɪbəɹti,1,1,0,1,0
lɛd,1,1,0,1,0
lɪd,1,1,0,1,0
lɛdloʊ,1,1,0,1,0
lɑdʒ,1,1,0,1,0
lɑdʒɪŋ,1,1,0,1,0
lɑdʒɪŋz,1,1,0,1,0
lʌf,1,1,0,1,0
lɛft,1,1,0,1,0
lɪft,1,1,0,1,0
lʌftəɹ,1,1,0,1,0
lɛfəɹt,1,1,0,1,0
lɑk,1,1,0,1,0
lʊk,1,1,0,1,0
lʌk,1,1,0,1,0
lʌki,1,1,0,1,0
lʊks,1,1,0,1,0
lʊkt,1,1,0,1,0
lɪkwɪd,1,1,0,1,0
lʊkɪŋ,1,1,0,1,0
lɪm,1,1,0,1,0
lʌmp,1,1,0,1,0
lɪmət,1,1,0,1,0
lɪmətəd,1,1,0,1,0
lɛnd,1,1,0,1,0
lʌndən,1,1,0,1,0
lɔntʃ,1,1,0,1,0
lʌntʃ,1,1,0,1,0
lɪpstɪk,1,1,0,1,0
lɪp,1,1,0,1,0
lɛs,1,1,0,1,0
lɔs,1,1,0,1,0
lɛsn,1,1,0,1,0
lɪsn,1,1,0,1,0
lɪst,1,1,0,1,0
lɔst,1,1,0,1,0
lɪsɪ,1,1,0,1,0
lɛsən,1,1,0,1,0
lɛt,1,1,0,1,0
lɑt,1,1,0,1,0
lɪtl,1,1,0,1,0
lɑts,1,1,0,1,0
lɛtəɹ,1,1,0,1,0
lɪtɪɡeɪtɪd,1,1,0,1,0
lɪtɛɹəlɪ,1,1,0,1,0
lɪtəɹətʃəɹ,1,1,0,1,0
lɪtəɹɛɹɪ,1,1,0,1,0
lʌvlɪ,1,1,0,1,0
lʌv,1,1,0,1,0
lɪvd,1,1,0,1,0
lɪvz,1,1,0,1,0
lɛvɛl,1,1,0,1,0
lɛvəlz,1,1,0,1,0
lɛvɛlz,1,1,0,1,0
lɪvɪŋ,1,1,0,1,0
lɔyəɹ,1,1,0,1,0
lɛðəɹ,1,1,0,1,0
lɛɡ,1,1,0,1,0
lɔɡ,1,1,0,1,0
lɔŋ,1,1,0,1,0
lʌŋ,1,1,0,1,0
lɔɹd,1,1,0,1,0
lɑɹdʒlɪ,1,1,0,1,0
lɑɹdʒ,1,1,0,1,0
lɛŋgθ,1,1,0,1,0
lɪŋk,1,1,0,1,0
lɪŋks,1,1,0,1,0
lɜɹn,1,1,0,1,0
lɜɹnd,1,1,0,1,0
lɜɹnɪŋ,1,1,0,1,0
lɑɹə,1,1,0,1,0
lɔɹəns,1,1,0,1,0
lɑŋɡlɪ,1,1,0,1,0
lɛŋθn,1,1,0,1,0
lɛŋθən,1,1,0,1,0
lɔŋɡəɹ,1,1,0,1,0
lɔŋdistəns,1,1,0,1,0
ləʊkeɪʃən,1,1,0,1,0
ləʊkweɪʃəs,1,1,0,1,0
lɔɪəl,1,1,0,1,0
lɔɪəltɪ,1,1,0,1,0
mæd,1,1,0,1,0
mædn,1,1,0,1,0
mædʒɪk,1,1,0,1,0
mæməʊɡɹæm,1,1,0,1,0
mænkaɪnd,1,1,0,1,0
mæn,1,1,0,1,0
mændeɪts,1,1,0,1,0
mændəɹənz,1,1,0,1,0
mænədʒ,1,1,0,1,0
mænədʒmənt,1,1,0,1,0
mænədʒəɹ,1,1,0,1,0
mænɛdʒəɹ,1,1,0,1,0
mænɪk,1,1,0,1,0
mænəɹ,1,1,0,1,0
mæp,1,1,0,1,0
mæs,1,1,0,1,0
mæstəɹ,1,1,0,1,0
mæstəɹbeɪtɪŋ,1,1,0,1,0
mæt,1,1,0,1,0
mætʃ,1,1,0,1,0
mætəɹ,1,1,0,1,0
mæɡnəm,1,1,0,1,0
mæɹɪ,1,1,0,1,0
mæɹɪdʒ,1,1,0,1,0
mæɡəzin,1,1,0,1,0
mæksɪmɪlɪən,1,1,0,1,0
mænyəfæktʃəɹ,1,1,0,1,0
mæsədoʊnɪən,1,1,0,1,0
maɪ,1,1,0,1,0
maɪkɹoʊkəmpyutəɹz,1,1,0,1,0
maɪkɹəskoʊp,1,1,0,1,0
maɪl,1,1,0,1,0
maɪld,1,1,0,1,0
maɪlz,1,1,0,1,0
maɪn,1,1,0,1,0
maɪnd,1,1,0,1,0
maʊntn,1,1,0,1,0
maʊntɛn,1,1,0,1,0
maɪnz,1,1,0,1,0
maʊs,1,1,0,1,0
maɪt,1,1,0,1,0
maʊθ,1,1,0,1,0
maɪkɹəʊbɪɑlədʒɪsts,1,1,0,1,0
maɪsɛlf,1,1,0,1,0
meɪ,1,1,0,1,0
meɪbɪ,1,1,0,1,0
meɪd,1,1,0,1,0
meɪdʒəɹ,1,1,0,1,0
meɪk,1,1,0,1,0
meɪks,1,1,0,1,0
meɪkɪŋ,1,1,0,1,0
meɪl,1,1,0,1,0
meɪn,1,1,0,1,0
meɪhæɹɪ,1,1,0,1,0
mi,1,1,0,1,0
midɪə,1,1,0,1,0
midɪəm,1,1,0,1,0
mil,1,1,0,1,0
mintaɪm,1,1,0,1,0
minwaɪl,1,1,0,1,0
min,1,1,0,1,0
minz,1,1,0,1,0
minɪŋ,1,1,0,1,0
mit,1,1,0,1,0
mitəɹ,1,1,0,1,0
mitɪŋ,1,1,0,1,0
mitəɹd,1,1,0,1,0
moʊdəɹ,1,1,0,1,0
moʊmənt,1,1,0,1,0
moʊməntɛɹɪ,1,1,0,1,0
moʊnz,1,1,0,1,0
moʊnəs,1,1,0,1,0
moʊst,1,1,0,1,0
moʊtəɹ,1,1,0,1,0
moʊʃən,1,1,0,1,0
moʊhikənz,1,1,0,1,0
munlaɪt,1,1,0,1,0
mun,1,1,0,1,0
muv,1,1,0,1,0
muvd,1,1,0,1,0
muvmənt,1,1,0,1,0
muvɪ,1,1,0,1,0
muvɪŋ,1,1,0,1,0
mudʒəhɛdin,1,1,0,1,0
myuzɪʃən,1,1,0,1,0
myuzɪk,1,1,0,1,0
myuzɪəm,1,1,0,1,0
myunɪsəpælətɪ,1,1,0,1,0
myuzɪkælətɪ,1,1,0,1,0
mɪændəɹd,1,1,0,1,0
mədʒɪʃən,1,1,0,1,0
mʊhɑmɛdz,1,1,0,1,0
məkduɡəlz,1,1,0,1,0
mɛkænɪk,1,1,0,1,0
məkaʊən,1,1,0,1,0
məkfi,1,1,0,1,0
məki,1,1,0,1,0
məknil,1,1,0,1,0
məkɑnəlz,1,1,0,1,0
mənuvəɹɪŋz,1,1,0,1,0
mɪsteɪts,1,1,0,1,0
mɪsteɪk,1,1,0,1,0
mɪstɪɹɪəs,1,1,0,1,0
mətiəs,1,1,0,1,0
mətɪɹɪəl,1,1,0,1,0
mətɪɹɪəlz,1,1,0,1,0
məʃin,1,1,0,1,0
məʃinəɹɪ,1,1,0,1,0
mɔɹoʊvəɹ,1,1,0,1,0
mʌd,1,1,0,1,0
mɪdl,1,1,0,1,0
mɛdəkəl,1,1,0,1,0
mɑdɛl,1,1,0,1,0
mɛdəlɪŋ,1,1,0,1,0
mɑdəst,1,1,0,1,0
mɑdəstɪ,1,1,0,1,0
mɛdəsən,1,1,0,1,0
mɑdəɹn,1,1,0,1,0
mɑdəɹət,1,1,0,1,0
mɑdəɹəts,1,1,0,1,0
mɪks,1,1,0,1,0
mɪkstʃəɹ,1,1,0,1,0
mɛksəkən,1,1,0,1,0
mɛkənɪzm,1,1,0,1,0
mɛkənɪzəm,1,1,0,1,0
mɪl,1,1,0,1,0
mɪlk,1,1,0,1,0
mɔlt,1,1,0,1,0
mɛlt,1,1,0,1,0
mʌltɪpl,1,1,0,1,0
mʌltəpl,1,1,0,1,0
mʌltəplaɪ,1,1,0,1,0
mɪlyənθ,1,1,0,1,0
mɪlyɪənθ,1,1,0,1,0
mɪlətɛɹɪ,1,1,0,1,0
mɪlɪən,1,1,0,1,0
mɪlɪənz,1,1,0,1,0
mɛmbəɹʃɪp,1,1,0,1,0
mɛmbəɹ,1,1,0,1,0
mɛmbəɹz,1,1,0,1,0
mʌmɪfaɪd,1,1,0,1,0
mɛməɹɪ,1,1,0,1,0
mɛn,1,1,0,1,0
mɛnd,1,1,0,1,0
mɛntəl,1,1,0,1,0
mʌnz,1,1,0,1,0
mʌnθlɪ,1,1,0,1,0
mʌnθ,1,1,0,1,0
mɛnɪ,1,1,0,1,0
mʌnɪ,1,1,0,1,0
mɪnəstəɹ,1,1,0,1,0
mɪnət,1,1,0,1,0
mɪnəts,1,1,0,1,0
mɪnəɹəl,1,1,0,1,0
mʌnθs,1,1,0,1,0
mɛnʃən,1,1,0,1,0
mɪs,1,1,0,1,0
mʌsl,1,1,0,1,0
mɪst,1,1,0,1,0
mʌst,1,1,0,1,0
mʌstæŋ,1,1,0,1,0
mɑstələɹ,1,1,0,1,0
mɪstəɹɪ,1,1,0,1,0
mɛsədʒ,1,1,0,1,0
mɛsɪdʒ,1,1,0,1,0
mʌsəl,1,1,0,1,0
mɛsəndʒəɹ,1,1,0,1,0
mɛt,1,1,0,1,0
mʌtʃ,1,1,0,1,0
mɛtəl,1,1,0,1,0
mɛtɹɪk,1,1,0,1,0
mɪzəɹɪ,1,1,0,1,0
mɪzəɹəbl,1,1,0,1,0
mʌðəɹhʊd,1,1,0,1,0
mʌðəɹlɪ,1,1,0,1,0
mʌðəɹ,1,1,0,1,0
mɔɹ,1,1,0,1,0
mɪə,1,1,0,1,0
mɜɹdəɹ,1,1,0,1,0
mɑɹdʒənz,1,1,0,1,0
mɑɹk,1,1,0,1,0
mʌŋkɪ,1,1,0,1,0
mɑɹkɛt,1,1,0,1,0
mɑɹməɹ,1,1,0,1,0
mɔɹn,1,1,0,1,0
mɔɹnɪŋ,1,1,0,1,0
mɜɹsɪ,1,1,0,1,0
mɔɹtsɑɹt,1,1,0,1,0
mɑɹtʃ,1,1,0,1,0
mɜɹtʃənt,1,1,0,1,0
mɛɹɪ,1,1,0,1,0
mɛθəd,1,1,0,1,0
mɔɹəl,1,1,0,1,0
mɔɹəlz,1,1,0,1,0
mɪɹəsləv,1,1,0,1,0
mɛʒəɹ,1,1,0,1,0
mɪɹəɹ,1,1,0,1,0
mɛdɪkeɪʃənz,1,1,0,1,0
mɑdəɹeɪʃən,1,1,0,1,0
mʌltaɪlɛvɛl,1,1,0,1,0
mʌltɪfʌŋkʃʌnəl,1,1,0,1,0
mʌltəpləkeɪʃən,1,1,0,1,0
mɪsɪnfəɹmeɪʃən,1,1,0,1,0
məɪnteɪn,1,1,0,1,0
mɹɑtʃkə,1,1,0,1,0
næp,1,1,0,1,0
næstɪ,1,1,0,1,0
nætʃʊɹəl,1,1,0,1,0
nætʃəɹəlaɪzɪŋ,1,1,0,1,0
nævəɡeɪtɪd,1,1,0,1,0
næʃnəlaɪzd,1,1,0,1,0
næʃənəl,1,1,0,1,0
nætʃəɹəlɪstɪk,1,1,0,1,0
naʊ,1,1,0,1,0
naɪf,1,1,0,1,0
naɪlɑn,1,1,0,1,0
naɪnθ,1,1,0,1,0
naɪn,1,1,0,1,0
naʊn,1,1,0,1,0
naɪnti,1,1,0,1,0
naɪntiz,1,1,0,1,0
naɪs,1,1,0,1,0
naɪtklʌbz,1,1,0,1,0
naɪtsteɪdʒ,1,1,0,1,0
naɪt,1,1,0,1,0
naɪtɹeɪts,1,1,0,1,0
naʊədeɪz,1,1,0,1,0
neɪbəɹhʊd,1,1,0,1,0
neɪbəɹ,1,1,0,1,0
neɪbəɹz,1,1,0,1,0
neɪl,1,1,0,1,0
neɪm,1,1,0,1,0
neɪmd,1,1,0,1,0
neɪtɪv,1,1,0,1,0
neɪtʃəɹ,1,1,0,1,0
neɪtʃəɹz,1,1,0,1,0
neɪvɪ,1,1,0,1,0
neɪvəl,1,1,0,1,0
neɪʃən,1,1,0,1,0
ni,1,1,0,1,0
nid,1,1,0,1,0
nidl,1,1,0,1,0
nidz,1,1,0,1,0
nidəd,1,1,0,1,0
nil,1,1,0,1,0
nis,1,1,0,1,0
nit,1,1,0,1,0
niz,1,1,0,1,0
niðəɹ,1,1,0,1,0
noʊ,1,1,0,1,0
noʊblmən,1,1,0,1,0
noʊbl,1,1,0,1,0
noʊbɑdi,1,1,0,1,0
noʊn,1,1,0,1,0
noʊtbʊk,1,1,0,1,0
noʊt,1,1,0,1,0
noʊtəs,1,1,0,1,0
noʊwɛɹ,1,1,0,1,0
noʊz,1,1,0,1,0
nu,1,1,0,1,0
nufəɹ,1,1,0,1,0
numəɹəs,1,1,0,1,0
nun,1,1,0,1,0
nusəns,1,1,0,1,0
nuzpeɪpəɹ,1,1,0,1,0
nuz,1,1,0,1,0
nuədʒ,1,1,0,1,0
nyumɛɹəs,1,1,0,1,0
nənɹɪkɜɹɪŋ,1,1,0,1,0
nəsɛsətɪ,1,1,0,1,0
nəɡlɛkt,1,1,0,1,0
nɪɡlɛkts,1,1,0,1,0
nɛdəʊ,1,1,0,1,0
nɛfyu,1,1,0,1,0
nɑk,1,1,0,1,0
nɛk,1,1,0,1,0
nɛkst,1,1,0,1,0
nɑlədʒ,1,1,0,1,0
nʌmbəɹ,1,1,0,1,0
nʌmbəɹz,1,1,0,1,0
nɑnfɑɹm,1,1,0,1,0
nʌn,1,1,0,1,0
nɑnsɛns,1,1,0,1,0
nɛp,1,1,0,1,0
nɛsləɹz,1,1,0,1,0
nɛst,1,1,0,1,0
nɛstɪd,1,1,0,1,0
nɛsəsɛɹɪ,1,1,0,1,0
nɛtwɜɹk,1,1,0,1,0
nɑt,1,1,0,1,0
nɛt,1,1,0,1,0
nʌt,1,1,0,1,0
nʌts,1,1,0,1,0
nɛvəɹ,1,1,0,1,0
nɔɹ,1,1,0,1,0
nɪə,1,1,0,1,0
nɑɹkəʊs,1,1,0,1,0
nɪɹlɪ,1,1,0,1,0
nɔɹməl,1,1,0,1,0
nɜɹs,1,1,0,1,0
nɜɹsəɹɪ,1,1,0,1,0
nɜɹv,1,1,0,1,0
nɜɹvəs,1,1,0,1,0
nɔɹðəɹn,1,1,0,1,0
nɔɹθ,1,1,0,1,0
nʊɹən,1,1,0,1,0
nʌθɪŋ,1,1,0,1,0
nɛɹəʊ,1,1,0,1,0
nɪkəɹɑɡwənz,1,1,0,1,0
nʊɹəlɑdʒɪkəl,1,1,0,1,0
nəʊvɛmbəɹ,1,1,0,1,0
nɔɪz,1,1,0,1,0
oʊ,1,1,0,1,0
oʊkɪ,1,1,0,1,0
oʊld,1,1,0,1,0
oʊldfɑðəɹ,1,1,0,1,0
oʊn,1,1,0,1,0
oʊnlɪ,1,1,0,1,0
oʊnəɹʃɪp,1,1,0,1,0
oʊnəɹ,1,1,0,1,0
oʊpn,1,1,0,1,0
oʊvəɹfloʊ,1,1,0,1,0
oʊvəɹkʌm,1,1,0,1,0
oʊvəɹtɜɹnɪŋ,1,1,0,1,0
oʊvəɹɔl,1,1,0,1,0
oʊvəɹɹʌnɪŋ,1,1,0,1,0
oʊvəɹ,1,1,0,1,0
oʊvəɹsiz,1,1,0,1,0
oʊvəɹstɹɑm,1,1,0,1,0
oʊvəɹθɹoʊ,1,1,0,1,0
oʊzəl,1,1,0,1,0
oʊən,1,1,0,1,0
oʊɪŋ,1,1,0,1,0
oʊʃən,1,1,0,1,0
oʊdɑmətəɹ,1,1,0,1,0
oʊkeɪ,1,1,0,1,0
oʊldfæʃənd,1,1,0,1,0
oʊvyəleɪʃənz,1,1,0,1,0
oʊvəɹmɛdɪkeɪʃənz,1,1,0,1,0
pæd,1,1,0,1,0
pædlɑks,1,1,0,1,0
pæk,1,1,0,1,0
pækt,1,1,0,1,0
pækədʒ,1,1,0,1,0
pækɛt,1,1,0,1,0
pæləs,1,1,0,1,0
pæn,1,1,0,1,0
pænkɹɛəs,1,1,0,1,0
pæntʃəʊ,1,1,0,1,0
pænθəɹz,1,1,0,1,0
pæs,1,1,0,1,0
pæst,1,1,0,1,0
pæsɛdʒ,1,1,0,1,0
pæsɛndʒəɹ,1,1,0,1,0
pætəɹn,1,1,0,1,0
pætʃɪ,1,1,0,1,0
pawəɹfəl,1,1,0,1,0
pawəɹ,1,1,0,1,0
pæθ,1,1,0,1,0
pæɹəlɛl,1,1,0,1,0
pætəɡoʊnɪən,1,1,0,1,0
paʊdəɹ,1,1,0,1,0
paɪl,1,1,0,1,0
paɪlət,1,1,0,1,0
paʊnd,1,1,0,1,0
paɪnt,1,1,0,1,0
paɪp,1,1,0,1,0
paɪpəɹz,1,1,0,1,0
paʊtʃ,1,1,0,1,0
peɪ,1,1,0,1,0
peɪbæk,1,1,0,1,0
peɪdʒ,1,1,0,1,0
peɪl,1,1,0,1,0
peɪmənt,1,1,0,1,0
peɪnfəl,1,1,0,1,0
peɪn,1,1,0,1,0
peɪnt,1,1,0,1,0
peɪntɪŋ,1,1,0,1,0
peɪpəɹ,1,1,0,1,0
peɪpəɹbæk,1,1,0,1,0
peɪst,1,1,0,1,0
peɪstɹɪ,1,1,0,1,0
peɪyəɹz,1,1,0,1,0
peɪzlɪz,1,1,0,1,0
peɪʃəns,1,1,0,1,0
peɪʃənt,1,1,0,1,0
peɪʃənts,1,1,0,1,0
peɪiz,1,1,0,1,0
peɪtɹɪɑtɪk,1,1,0,1,0
pil,1,1,0,1,0
pipl,1,1,0,1,0
pisfəl,1,1,0,1,0
pis,1,1,0,1,0
pisəblɪ,1,1,0,1,0
pitʃəɹ,1,1,0,1,0
plæn,1,1,0,1,0
plænt,1,1,0,1,0
plænts,1,1,0,1,0
plænz,1,1,0,1,0
plænət,1,1,0,1,0
plænɪŋ,1,1,0,1,0
plæstɪk,1,1,0,1,0
plæstəɹ,1,1,0,1,0
plaʊ,1,1,0,1,0
pleɪ,1,1,0,1,0
pleɪd,1,1,0,1,0
pleɪn,1,1,0,1,0
pleɪs,1,1,0,1,0
pleɪsɪz,1,1,0,1,0
pleɪt,1,1,0,1,0
pleɪyəɹ,1,1,0,1,0
pleɪyəɹz,1,1,0,1,0
pleɪɡ,1,1,0,1,0
pleɪəɹ,1,1,0,1,0
pleɪɪŋ,1,1,0,1,0
pleɪəɹz,1,1,0,1,0
pliz,1,1,0,1,0
plizd,1,1,0,1,0
plɛntɪ,1,1,0,1,0
plɛzənt,1,1,0,1,0
plʊɹəl,1,1,0,1,0
plɛʒəɹ,1,1,0,1,0
poʊl,1,1,0,1,0
poʊləɹ,1,1,0,1,0
poʊləɹaɪzd,1,1,0,1,0
poʊst,1,1,0,1,0
poʊɛm,1,1,0,1,0
poʊɛt,1,1,0,1,0
poʊɛtɹɪ,1,1,0,1,0
pul,1,1,0,1,0
puləŋk,1,1,0,1,0
puzəʊ,1,1,0,1,0
puɹ,1,1,0,1,0
pyeɹɪəd,1,1,0,1,0
pyupəl,1,1,0,1,0
pyuz,1,1,0,1,0
pyʊə,1,1,0,1,0
pɪænəʊ,1,1,0,1,0
pəkyulyəɹ,1,1,0,1,0
pəlaɪt,1,1,0,1,0
pəlis,1,1,0,1,0
pəloʊmə,1,1,0,1,0
pəlɪtəkəl,1,1,0,1,0
pəlɪtɪkəlɪ,1,1,0,1,0
pəteɪtoʊ,1,1,0,1,0
pətɛnʃəl,1,1,0,1,0
pətɛnʃəlz,1,1,0,1,0
pəzɛs,1,1,0,1,0
pəzɛsəɹ,1,1,0,1,0
pəzɪʃən,1,1,0,1,0
pəzɛʃən,1,1,0,1,0
pəɹditə,1,1,0,1,0
pəɹfɛkt,1,1,0,1,0
pəɹfɛkʃən,1,1,0,1,0
pəɹfɔɹm,1,1,0,1,0
pəɹfɔɹmə,1,1,0,1,0
pəɹfɔɹməns,1,1,0,1,0
pɜɹfɔɹməɹ,1,1,0,1,0
pəɹhæps,1,1,0,1,0
pəɹmɪt,1,1,0,1,0
pəɹmɪʃən,1,1,0,1,0
pəɹsweɪd,1,1,0,1,0
pəɹsweɪʒən,1,1,0,1,0
pəɹsɛnt,1,1,0,1,0
pəɹtɪkyʊləɹ,1,1,0,1,0
pɔ,1,1,0,1,0
pʌblɪk,1,1,0,1,0
pʌblɪʃ,1,1,0,1,0
pʌblɪʃt,1,1,0,1,0
pɪdʒən,1,1,0,1,0
pɪk,1,1,0,1,0
pɪktʃəɹ,1,1,0,1,0
pɪktʃəɹz,1,1,0,1,0
pɪkɪ,1,1,0,1,0
pɑkɛt,1,1,0,1,0
pʊl,1,1,0,1,0
pɑləsɪ,1,1,0,1,0
pɑlətɪks,1,1,0,1,0
pɑlɪʃ,1,1,0,1,0
pɪləɹd,1,1,0,1,0
pɪləɹɪ,1,1,0,1,0
pʌmp,1,1,0,1,0
pɛn,1,1,0,1,0
pɪn,1,1,0,1,0
pɛns,1,1,0,1,0
pɛnsəl,1,1,0,1,0
pɪntʃ,1,1,0,1,0
pɛnɪ,1,1,0,1,0
pʌnɪʃmənt,1,1,0,1,0
pʌnɪʃ,1,1,0,1,0
pɑpyələɹ,1,1,0,1,0
pɑpyʊləɹ,1,1,0,1,0
pɛpəɹ,1,1,0,1,0
pɑsəbl,1,1,0,1,0
pɑsəblɪ,1,1,0,1,0
pɛt,1,1,0,1,0
pɑt,1,1,0,1,0
pʊt,1,1,0,1,0
pɪtɪ,1,1,0,1,0
pʌtɪŋ,1,1,0,1,0
pɛtɹəʊl,1,1,0,1,0
pɑvəɹtɪ,1,1,0,1,0
pɔz,1,1,0,1,0
pʌzl,1,1,0,1,0
pɑzətɪv,1,1,0,1,0
pɜɹ,1,1,0,1,0
pɪɡ,1,1,0,1,0
pɔɹ,1,1,0,1,0
pʊʃ,1,1,0,1,0
pɛə,1,1,0,1,0
pɛəɹɛnt,1,1,0,1,0
pɑɹdən,1,1,0,1,0
pɑɹk,1,1,0,1,0
pɪŋk,1,1,0,1,0
pʌŋktʃuəl,1,1,0,1,0
pɜɹl,1,1,0,1,0
pɑɹləmɛnt,1,1,0,1,0
pɜɹmənɛnt,1,1,0,1,0
pɜɹpl,1,1,0,1,0
pɜɹpəs,1,1,0,1,0
pɜɹs,1,1,0,1,0
pɪɡskɪnz,1,1,0,1,0
pɑɹsl,1,1,0,1,0
pɑɹsəl,1,1,0,1,0
pɜɹsən,1,1,0,1,0
pɜɹsɪnəl,1,1,0,1,0
pɜɹsɪvəl,1,1,0,1,0
pɑɹt,1,1,0,1,0
pɔɹt,1,1,0,1,0
pɑɹtnəɹ,1,1,0,1,0
pɑɹts,1,1,0,1,0
pɑɹtɪ,1,1,0,1,0
pɑɹtəkl,1,1,0,1,0
pɑɹtəkəl,1,1,0,1,0
pɑɹtɪsɪpl,1,1,0,1,0
pɑɹtɪsɪplz,1,1,0,1,0
pɜɹtʃəs,1,1,0,1,0
pɪɹəniz,1,1,0,1,0
pɛɹənts,1,1,0,1,0
pɛɹɛnts,1,1,0,1,0
pɪθɪə,1,1,0,1,0
pɪɹɪəd,1,1,0,1,0
pɑliʊɹəθeɪn,1,1,0,1,0
pɑlətɪʃən,1,1,0,1,0
pɑpyəlæɹɪtɪ,1,1,0,1,0
pɑpyəleɪʃən,1,1,0,1,0
pɑsəbɪləti,1,1,0,1,0
pɑɹtɪkyʊləɹlɪ,1,1,0,1,0
pɹæktɪkəl,1,1,0,1,0
pɹæktɪs,1,1,0,1,0
pɹæktɪst,1,1,0,1,0
pɹæktɪsɪŋ,1,1,0,1,0
pɹaɪ,1,1,0,1,0
pɹaɪd,1,1,0,1,0
pɹaʊd,1,1,0,1,0
pɹaɪmɛɹɪ,1,1,0,1,0
pɹaɪs,1,1,0,1,0
pɹaɪvət,1,1,0,1,0
pɹaɪz,1,1,0,1,0
pɹeɪ,1,1,0,1,0
pɹeɪz,1,1,0,1,0
pɹist,1,1,0,1,0
pɹitʃ,1,1,0,1,0
pɹivɪəs,1,1,0,1,0
pɹoʊtɪeɪz,1,1,0,1,0
pɹoʊtɛstəɹ,1,1,0,1,0
pɹoʊɡɹæm,1,1,0,1,0
pɹoʊɡɹæmz,1,1,0,1,0
pɹuf,1,1,0,1,0
pɹuv,1,1,0,1,0
pɹuəɹ,1,1,0,1,0
pɹədus,1,1,0,1,0
pɹɪdɪks,1,1,0,1,0
pɹədʌkʃən,1,1,0,1,0
pɹəfɛsəɹ,1,1,0,1,0
pɹəfɛsəɹʃɪp,1,1,0,1,0
pɹəfɜɹ,1,1,0,1,0
pɹəfɛʃən,1,1,0,1,0
pɹəfɛʃənəl,1,1,0,1,0
pɹəmoʊt,1,1,0,1,0
pɹəmoʊtɪŋ,1,1,0,1,0
pɹənaʊns,1,1,0,1,0
pɹəpoʊz,1,1,0,1,0
pɹəpoʊzəl,1,1,0,1,0
pɹɪpɛə,1,1,0,1,0
pɹɪsaɪs,1,1,0,1,0
pɹəsidz,1,1,0,1,0
pəʊstpoʊn,1,1,0,1,0
pɹəsɛʃən,1,1,0,1,0
pɹətɛkt,1,1,0,1,0
pɹətɛktɪv,1,1,0,1,0
pɹətɛkʃən,1,1,0,1,0
pɹɪtɛnd,1,1,0,1,0
pɹɪtɛns,1,1,0,1,0
pɹəvaɪd,1,1,0,1,0
pɹəvaɪdz,1,1,0,1,0
pɹəvaɪdəd,1,1,0,1,0
pɹəvaɪdɪŋ,1,1,0,1,0
pɹɪvɛnt,1,1,0,1,0
pɹɪvɛntɪŋ,1,1,0,1,0
pɹɪvɛnʃən,1,1,0,1,0
pɹəvɪʒən,1,1,0,1,0
pɹəvɪʒənz,1,1,0,1,0
pɹəvɪʒənəl,1,1,0,1,0
pɹəzɜɹv,1,1,0,1,0
pɹɪɑkyəpaɪz,1,1,0,1,0
pɹɑbləm,1,1,0,1,0
pɹɑbləmz,1,1,0,1,0
pɹɑbəbl,1,1,0,1,0
pɹɑbəbli,1,1,0,1,0
pɹɑdəkt,1,1,0,1,0
pɹɑdəkts,1,1,0,1,0
pɹɛdʒʊdɪs,1,1,0,1,0
pɹɑdʒɛkt,1,1,0,1,0
pɹɑdʒɛkts,1,1,0,1,0
pɹɑfət,1,1,0,1,0
pɹɛfəɹəns,1,1,0,1,0
pɹɪklɪ,1,1,0,1,0
pɹɑmpt,1,1,0,1,0
pɹɑməs,1,1,0,1,0
pɹɑməst,1,1,0,1,0
pɹɑməsɪŋ,1,1,0,1,0
pɹɔn,1,1,0,1,0
pɹɪns,1,1,0,1,0
pɹɪnsəpl,1,1,0,1,0
pɹɪnsɪz,1,1,0,1,0
pɔɪnt,1,1,0,1,0
pɹɪnt,1,1,0,1,0
pɔɪnts,1,1,0,1,0
pɔɪntɪd,1,1,0,1,0
pɹɑpəɹ,1,1,0,1,0
pɹɑpəɹtɪ,1,1,0,1,0
pɹɛs,1,1,0,1,0
pɹɑsɛs,1,1,0,1,0
pɹɪtɪ,1,1,0,1,0
pɹɑtəʊ,1,1,0,1,0
pɹɛzɪdənt,1,1,0,1,0
pɔɪzən,1,1,0,1,0
pɹɪzən,1,1,0,1,0
pɹɛzəns,1,1,0,1,0
pɹɛzənt,1,1,0,1,0
pɔɪzənəs,1,1,0,1,0
pɹɪzənəɹ,1,1,0,1,0
pɹɛə,1,1,0,1,0
pɹɛʃəs,1,1,0,1,0
pɹɛʃəɹ,1,1,0,1,0
pɹɑɡɹɛs,1,1,0,1,0
pɹɑbəbɪləti,1,1,0,1,0
pɹɑfətɪɹɪŋ,1,1,0,1,0
pɹɛpəɹeɪʃən,1,1,0,1,0
pɹəʊnʌnsɪeɪʃən,1,1,0,1,0
sæmpiə,1,1,0,1,0
sæd,1,1,0,1,0
sædl,1,1,0,1,0
sædn,1,1,0,1,0
sækɹəfaɪs,1,1,0,1,0
sæləɹɪ,1,1,0,1,0
sæmpl,1,1,0,1,0
sæn,1,1,0,1,0
sænd,1,1,0,1,0
sændəl,1,1,0,1,0
sætəsfaɪ,1,1,0,1,0
sawəɹ,1,1,0,1,0
sæŋkʃənz,1,1,0,1,0
sæɹəm,1,1,0,1,0
sætəsfæktɹɪ,1,1,0,1,0
sætəsfækʃən,1,1,0,1,0
saʊ,1,1,0,1,0
saɪdweɪz,1,1,0,1,0
saɪd,1,1,0,1,0
saɪk,1,1,0,1,0
saɪkaɪətɹɪst,1,1,0,1,0
saɪkəl,1,1,0,1,0
saɪkəlɪst,1,1,0,1,0
saɪləns,1,1,0,1,0
saɪlənt,1,1,0,1,0
saɪləɹ,1,1,0,1,0
saɪn,1,1,0,1,0
saɪnd,1,1,0,1,0
saʊnd,1,1,0,1,0
saʊndz,1,1,0,1,0
saɪt,1,1,0,1,0
saɪz,1,1,0,1,0
saʊθ,1,1,0,1,0
saɪɛns,1,1,0,1,0
saɪəntɪst,1,1,0,1,0
saɪɛntɪsts,1,1,0,1,0
saɪəntɪsts,1,1,0,1,0
saɪkɪætɹɪk,1,1,0,1,0
saɪəntɪfɪk,1,1,0,1,0
seɪ,1,1,0,1,0
seɪf,1,1,0,1,0
seɪftɪ,1,1,0,1,0
seɪk,1,1,0,1,0
seɪkɹɪd,1,1,0,1,0
seɪl,1,1,0,1,0
seɪlz,1,1,0,1,0
seɪlzmən,1,1,0,1,0
seɪləɹ,1,1,0,1,0
seɪm,1,1,0,1,0
seɪv,1,1,0,1,0
seɪɪŋ,1,1,0,1,0
sfɪɹɔɪd,1,1,0,1,0
si,1,1,0,1,0
sibɛɹɪ,1,1,0,1,0
sid,1,1,0,1,0
sik,1,1,0,1,0
sikɹəsɪ,1,1,0,1,0
sikɹət,1,1,0,1,0
siləkænθ,1,1,0,1,0
sim,1,1,0,1,0
simz,1,1,0,1,0
sin,1,1,0,1,0
sinəɹɪ,1,1,0,1,0
sit,1,1,0,1,0
siwʊlf,1,1,0,1,0
siz,1,1,0,1,0
sizən,1,1,0,1,0
siɪŋ,1,1,0,1,0
skætəɹ,1,1,0,1,0
skændɪneɪvɪən,1,1,0,1,0
skaɪ,1,1,0,1,0
skeɪl,1,1,0,1,0
sklɪɹədɜɹmə,1,1,0,1,0
skoʊld,1,1,0,1,0
skul,1,1,0,1,0
skulz,1,1,0,1,0
skwɔlz,1,1,0,1,0
skwɑndəɹ,1,1,0,1,0
skwɛə,1,1,0,1,0
skɛdʒul,1,1,0,1,0
skɪlfəl,1,1,0,1,0
skɪlnəs,1,1,0,1,0
skɪl,1,1,0,1,0
skʌl,1,1,0,1,0
skʌlptʃəɹəl,1,1,0,1,0
skɪlz,1,1,0,1,0
skɪn,1,1,0,1,0
skɔɹ,1,1,0,1,0
skɛəɹi,1,1,0,1,0
skɔɹn,1,1,0,1,0
skɛɹs,1,1,0,1,0
skɜɹt,1,1,0,1,0
skɹætʃ,1,1,0,1,0
skɹeɪp,1,1,0,1,0
skɹin,1,1,0,1,0
skɹu,1,1,0,1,0
skɹɪpts,1,1,0,1,0
slæʃt,1,1,0,1,0
slaɪd,1,1,0,1,0
slaɪt,1,1,0,1,0
sleɪv,1,1,0,1,0
sleɪvəɹɪ,1,1,0,1,0
slip,1,1,0,1,0
slipɪŋ,1,1,0,1,0
sloʊ,1,1,0,1,0
sloʊp,1,1,0,1,0
sluθs,1,1,0,1,0
slɪp,1,1,0,1,0
slɑpɪɛst,1,1,0,1,0
slɪpəɹɪ,1,1,0,1,0
smaɪl,1,1,0,1,0
smoʊk,1,1,0,1,0
smuð,1,1,0,1,0
smɔl,1,1,0,1,0
smɛl,1,1,0,1,0
smɪə,1,1,0,1,0
smɑɹt,1,1,0,1,0
snaɪpəɹz,1,1,0,1,0
sneɪk,1,1,0,1,0
snoʊ,1,1,0,1,0
snoʊz,1,1,0,1,0
snɪft,1,1,0,1,0
snɑɹlɪŋ,1,1,0,1,0
soʊ,1,1,0,1,0
soʊl,1,1,0,1,0
soʊldʒəɹ,1,1,0,1,0
soʊləɹ,1,1,0,1,0
soʊp,1,1,0,1,0
soʊʃəl,1,1,0,1,0
spænd,1,1,0,1,0
spaɪt,1,1,0,1,0
speɪd,1,1,0,1,0
speɪskɹæft,1,1,0,1,0
speɪs,1,1,0,1,0
spid,1,1,0,1,0
spik,1,1,0,1,0
spikɜɹz,1,1,0,1,0
spitʃ,1,1,0,1,0
spiə,1,1,0,1,0
spiʃɪz,1,1,0,1,0
splɛndɪd,1,1,0,1,0
splɪt,1,1,0,1,0
spun,1,1,0,1,0
spəsɪfɪk,1,1,0,1,0
spɑ,1,1,0,1,0
spɛktɹəm,1,1,0,1,0
spɛkyəleɪtɪŋ,1,1,0,1,0
spɛl,1,1,0,1,0
spɪl,1,1,0,1,0
spɪn,1,1,0,1,0
spɛnd,1,1,0,1,0
spɛnt,1,1,0,1,0
spɪt,1,1,0,1,0
spɑt,1,1,0,1,0
spɔɹ,1,1,0,1,0
spɛə,1,1,0,1,0
spɪə,1,1,0,1,0
spɔɹt,1,1,0,1,0
spɛʃəl,1,1,0,1,0
spɛʃəlɪst,1,1,0,1,0
spɪɹət,1,1,0,1,0
spɹɛd,1,1,0,1,0
spɔɪl,1,1,0,1,0
spɹɪŋ,1,1,0,1,0
spɹɪŋklz,1,1,0,1,0
stæf,1,1,0,1,0
stæmp,1,1,0,1,0
stænd,1,1,0,1,0
stændɪŋ,1,1,0,1,0
stændəɹd,1,1,0,1,0
stætʃuz,1,1,0,1,0
staɪl,1,1,0,1,0
steɪ,1,1,0,1,0
steɪdʒ,1,1,0,1,0
steɪn,1,1,0,1,0
steɪt,1,1,0,1,0
steɪtmənt,1,1,0,1,0
steɪts,1,1,0,1,0
steɪʃən,1,1,0,1,0
stilhɛd,1,1,0,1,0
stil,1,1,0,1,0
stim,1,1,0,1,0
stip,1,1,0,1,0
stiv,1,1,0,1,0
stoʊn,1,1,0,1,0
stoʊv,1,1,0,1,0
studmən,1,1,0,1,0
studənt,1,1,0,1,0
studənts,1,1,0,1,0
stupəd,1,1,0,1,0
stuɪŋ,1,1,0,1,0
stuəɹts,1,1,0,1,0
stɛdɪ,1,1,0,1,0
stʌdɪ,1,1,0,1,0
stʌdɪz,1,1,0,1,0
stɪf,1,1,0,1,0
stʌf,1,1,0,1,0
stɪfən,1,1,0,1,0
stɪk,1,1,0,1,0
stɑk,1,1,0,1,0
stɪkɪ,1,1,0,1,0
stɑkɪŋ,1,1,0,1,0
stɪl,1,1,0,1,0
stɛm,1,1,0,1,0
stʌmbɔ,1,1,0,1,0
stʌmək,1,1,0,1,0
stɛp,1,1,0,1,0
stɑp,1,1,0,1,0
stɪtʃ,1,1,0,1,0
stɜɹbɪns,1,1,0,1,0
stɑɹ,1,1,0,1,0
stɪŋ,1,1,0,1,0
stɜɹ,1,1,0,1,0
stɔɹ,1,1,0,1,0
stɛə,1,1,0,1,0
stɪə,1,1,0,1,0
stɔɹm,1,1,0,1,0
stɑɹt,1,1,0,1,0
stɑɹts,1,1,0,1,0
stɑɹtəd,1,1,0,1,0
stɑɹtɪŋ,1,1,0,1,0
stɜɹz,1,1,0,1,0
stɔɹɪ,1,1,0,1,0
stɔɹɪz,1,1,0,1,0
stɜɹɪŋz,1,1,0,1,0
stɹæp,1,1,0,1,0
stɹætədʒɪ,1,1,0,1,0
stɹætɪdʒɪst,1,1,0,1,0
stɹaɪk,1,1,0,1,0
stɹaɪp,1,1,0,1,0
stɹaɪpəɹz,1,1,0,1,0
stɹaɪvz,1,1,0,1,0
stɹeɪndʒ,1,1,0,1,0
stɹeɪndʒəɹ,1,1,0,1,0
stɹeɪt,1,1,0,1,0
stɹeɪtn,1,1,0,1,0
stɹim,1,1,0,1,0
stɹit,1,1,0,1,0
stɹoʊk,1,1,0,1,0
stɹɔ,1,1,0,1,0
stɹɪkt,1,1,0,1,0
stɹʌktʃəɹ,1,1,0,1,0
stɹɪp,1,1,0,1,0
stɹɪpɪŋ,1,1,0,1,0
stɹɛtʃ,1,1,0,1,0
stɹɪŋ,1,1,0,1,0
stɹɔŋ,1,1,0,1,0
stɹɛŋgθ,1,1,0,1,0
stɹʌɡl,1,1,0,1,0
stɹɛŋθən,1,1,0,1,0
sun,1,1,0,1,0
sup,1,1,0,1,0
sut,1,1,0,1,0
sutəbl,1,1,0,1,0
suɪsaɪd,1,1,0,1,0
supəɹstɪʃənz,1,1,0,1,0
swip,1,1,0,1,0
swit,1,1,0,1,0
switn,1,1,0,1,0
swɛl,1,1,0,1,0
swɑləʊ,1,1,0,1,0
swɪm,1,1,0,1,0
swɛt,1,1,0,1,0
swɪŋ,1,1,0,1,0
swɛə,1,1,0,1,0
swɔɹθmɔɹ,1,1,0,1,0
swɔɹθaʊt,1,1,0,1,0
səbtɹækt,1,1,0,1,0
səbdʒɛkt,1,1,0,1,0
sədʒɛst,1,1,0,1,0
sədʒɛstʃən,1,1,0,1,0
səfɪstəkeɪʃən,1,1,0,1,0
səksid,1,1,0,1,0
səksɛs,1,1,0,1,0
səksɛsfəl,1,1,0,1,0
sɪkyʊɹətɪ,1,1,0,1,0
səluʃən,1,1,0,1,0
səlɛkt,1,1,0,1,0
sɪmplɪsətɪ,1,1,0,1,0
səmtaɪmz,1,1,0,1,0
səmɛnt,1,1,0,1,0
sɪnklɛə,1,1,0,1,0
sɛnseɪʃən,1,1,0,1,0
sɪnsɪə,1,1,0,1,0
səplaɪ,1,1,0,1,0
səpoʊz,1,1,0,1,0
səpoʊzd,1,1,0,1,0
sɛptɛmbəɹ,1,1,0,1,0
səpɔɹt,1,1,0,1,0
səspɛkt,1,1,0,1,0
səspɪʃən,1,1,0,1,0
səspɪʃəs,1,1,0,1,0
səvɪə,1,1,0,1,0
sɔwɑɹ,1,1,0,1,0
səɹaʊnd,1,1,0,1,0
səɡnɪfɪkənt,1,1,0,1,0
səɹpɹaɪz,1,1,0,1,0
səɹɔɹətɪ,1,1,0,1,0
sɔ,1,1,0,1,0
sʌbstəns,1,1,0,1,0
sɑbɪə,1,1,0,1,0
sɛd,1,1,0,1,0
sʌdən,1,1,0,1,0
sʌdənlɪ,1,1,0,1,0
sɑfn,1,1,0,1,0
sɔftwɛɹ,1,1,0,1,0
sɑft,1,1,0,1,0
sɛfələpɑd,1,1,0,1,0
sʌfəɹ,1,1,0,1,0
sʌfɜɹɪŋ,1,1,0,1,0
sɪk,1,1,0,1,0
sɑk,1,1,0,1,0
sʌk,1,1,0,1,0
sɪksθ,1,1,0,1,0
sɛks,1,1,0,1,0
sɪks,1,1,0,1,0
sɪkstin,1,1,0,1,0
sɪkstɪz,1,1,0,1,0
sɛkənd,1,1,0,1,0
sɛkʃuəl,1,1,0,1,0
sɛkʃən,1,1,0,1,0
sɛkɹətɛɹɪ,1,1,0,1,0
sɛl,1,1,0,1,0
sɔl,1,1,0,1,0
sɪl,1,1,0,1,0
sɛldəm,1,1,0,1,0
sɛlf,1,1,0,1,0
sɛlfɪʃ,1,1,0,1,0
sɪlk,1,1,0,1,0
sɔlt,1,1,0,1,0
sɑlv,1,1,0,1,0
sɪlvəɹ,1,1,0,1,0
sɛlz,1,1,0,1,0
sɪlɪ,1,1,0,1,0
sɑləd,1,1,0,1,0
sɑləm,1,1,0,1,0
sʌmbɑdɪ,1,1,0,1,0
sʌmhaʊ,1,1,0,1,0
sʌmtaɪm,1,1,0,1,0
sʌmwʌn,1,1,0,1,0
sʌmwɛɹ,1,1,0,1,0
sʌmθɪŋ,1,1,0,1,0
sʌm,1,1,0,1,0
sɪmpl,1,1,0,1,0
sɪmplɪ,1,1,0,1,0
sɪmpəθɪ,1,1,0,1,0
sɪmɪləɹ,1,1,0,1,0
sʌməɹhɪl,1,1,0,1,0
sʌməɹ,1,1,0,1,0
sʌn,1,1,0,1,0
sɛnd,1,1,0,1,0
sɛnslɛs,1,1,0,1,0
sɛns,1,1,0,1,0
sɪns,1,1,0,1,0
sɛnsɪbl,1,1,0,1,0
sɛnsɪtɪv,1,1,0,1,0
sɛnt,1,1,0,1,0
sɛntəmitəɹ,1,1,0,1,0
sɛntəns,1,1,0,1,0
sɛntəɹ,1,1,0,1,0
sɛntɹəl,1,1,0,1,0
sɛntʃəɹɪ,1,1,0,1,0
sɪnəmə,1,1,0,1,0
sɪnəɹdʒɪ,1,1,0,1,0
sʌpəɹ,1,1,0,1,0
sɛpəɹeɪt,1,1,0,1,0
sɔs,1,1,0,1,0
sɪstəm,1,1,0,1,0
sɪstəmz,1,1,0,1,0
sɪstəɹ,1,1,0,1,0
sɔsəɹ,1,1,0,1,0
sɛt,1,1,0,1,0
sɪt,1,1,0,1,0
sɑthɔf,1,1,0,1,0
sɛtl,1,1,0,1,0
sʌtʃ,1,1,0,1,0
sɪtɪ,1,1,0,1,0
sɪtɪz,1,1,0,1,0
sɪtəzən,1,1,0,1,0
sɪtɪŋ,1,1,0,1,0
sɛvnθ,1,1,0,1,0
sɛvn,1,1,0,1,0
sɪvəlaɪz,1,1,0,1,0
sɛvɹəl,1,1,0,1,0
sɛz,1,1,0,1,0
sɪzəɹz,1,1,0,1,0
sʌðəɹn,1,1,0,1,0
sɜɹɹɪbətəl,1,1,0,1,0
sɪŋ,1,1,0,1,0
sɜɹ,1,1,0,1,0
sɔŋ,1,1,0,1,0
sɔɹ,1,1,0,1,0
sɔɹd,1,1,0,1,0
sɜɹfbɔɹdz,1,1,0,1,0
sɜɹfəs,1,1,0,1,0
sɪŋk,1,1,0,1,0
sɜɹkyʊləɹ,1,1,0,1,0
sɜɹkəl,1,1,0,1,0
sɜɹmə,1,1,0,1,0
sɪɡnəl,1,1,0,1,0
sɪɡnətʃəɹ,1,1,0,1,0
sɔɹs,1,1,0,1,0
sɔɹt,1,1,0,1,0
sɔɹts,1,1,0,1,0
sɜɹtʃ,1,1,0,1,0
sɜɹtən,1,1,0,1,0
sɜɹtənlɪ,1,1,0,1,0
sɜɹtəntɪ,1,1,0,1,0
sɜɹv,1,1,0,1,0
sɜɹvd,1,1,0,1,0
sɜɹvənt,1,1,0,1,0
sɜɹvəs,1,1,0,1,0
sɜɹvəsəz,1,1,0,1,0
sɔŋz,1,1,0,1,0
sɑɹɪ,1,1,0,1,0
sɜɹɪbətəl,1,1,0,1,0
sɛɹədeɪz,1,1,0,1,0
sɛɹəmoʊnɪ,1,1,0,1,0
sɛʃən,1,1,0,1,0
sɪɹɪz,1,1,0,1,0
sɪɹɪəs,1,1,0,1,0
sɪŋɡl,1,1,0,1,0
sɪŋɡyuləɹ,1,1,0,1,0
sɑɹəʊ,1,1,0,1,0
sʌbzɪɹəʊ,1,1,0,1,0
sɪmpəθɛtɪk,1,1,0,1,0
sɛmɪænyəwəl,1,1,0,1,0
sɪməlæɹɪtɪ,1,1,0,1,0
sɪndɪkeɪʃən,1,1,0,1,0
sɛnʃʊæləti,1,1,0,1,0
sɛpəɹeɪʃən,1,1,0,1,0
sɪtʃueɪʃən,1,1,0,1,0
sɪvəlɪzeɪʃən,1,1,0,1,0
sɪɡəɹɛt,1,1,0,1,0
səʊsaɪətɪ,1,1,0,1,0
sɔɪl,1,1,0,1,0
tæks,1,1,0,1,0
tæksɪ,1,1,0,1,0
tæp,1,1,0,1,0
tæsk,1,1,0,1,0
tætəɹd,1,1,0,1,0
tawəɹ,1,1,0,1,0
tæɡəlɑɡ,1,1,0,1,0
taɪ,1,1,0,1,0
taɪd,1,1,0,1,0
taɪdɪ,1,1,0,1,0
taɪmteɪbl,1,1,0,1,0
taɪm,1,1,0,1,0
taɪmz,1,1,0,1,0
taʊn,1,1,0,1,0
taʊnhaʊsɪz,1,1,0,1,0
taɪnɪ,1,1,0,1,0
taɪp,1,1,0,1,0
taɪps,1,1,0,1,0
taɪt,1,1,0,1,0
taɪtl,1,1,0,1,0
taɪtn,1,1,0,1,0
taʊəl,1,1,0,1,0
taɪəɹ,1,1,0,1,0
taɪɡəɹ,1,1,0,1,0
teɪbltɑp,1,1,0,1,0
teɪbl,1,1,0,1,0
teɪk,1,1,0,1,0
teɪkn,1,1,0,1,0
teɪks,1,1,0,1,0
teɪkəɹ,1,1,0,1,0
teɪkɪŋ,1,1,0,1,0
teɪl,1,1,0,1,0
teɪləɹ,1,1,0,1,0
teɪm,1,1,0,1,0
teɪst,1,1,0,1,0
ti,1,1,0,1,0
tim,1,1,0,1,0
titʃ,1,1,0,1,0
titʃəɹ,1,1,0,1,0
titʃəɹz,1,1,0,1,0
toʊ,1,1,0,1,0
toʊld,1,1,0,1,0
toʊmə,1,1,0,1,0
toʊtəl,1,1,0,1,0
toʊtəlɪ,1,1,0,1,0
tu,1,1,0,1,0
tub,1,1,0,1,0
tul,1,1,0,1,0
tulz,1,1,0,1,0
tulɪp,1,1,0,1,0
tun,1,1,0,1,0
tuθ,1,1,0,1,0
tuθaʊzəndtɛn,1,1,0,1,0
twaɪlaɪt,1,1,0,1,0
twaɪs,1,1,0,1,0
twikt,1,1,0,1,0
twɛlvθ,1,1,0,1,0
twɛntɪ,1,1,0,1,0
twɪst,1,1,0,1,0
təbækoʊ,1,1,0,1,0
tədeɪ,1,1,0,1,0
tɛknɑlədʒɪ,1,1,0,1,0
tɛknɑlədʒɪz,1,1,0,1,0
təmɑɹoʊ,1,1,0,1,0
tənaɪt,1,1,0,1,0
təwɔɹd,1,1,0,1,0
təwɔɹdz,1,1,0,1,0
təɡæðəɹ,1,1,0,1,0
tɔɹtɔɹɛlə,1,1,0,1,0
təɡɛðəɹ,1,1,0,1,0
tɛd,1,1,0,1,0
tʌf,1,1,0,1,0
tɔk,1,1,0,1,0
tʊk,1,1,0,1,0
tɛkst,1,1,0,1,0
tɔkt,1,1,0,1,0
tɪkɛt,1,1,0,1,0
tɔkɪŋ,1,1,0,1,0
tɪkəɹ,1,1,0,1,0
tɔl,1,1,0,1,0
tɛl,1,1,0,1,0
tɪl,1,1,0,1,0
tɛlɛfoʊn,1,1,0,1,0
tɛlɛvɪʒən,1,1,0,1,0
tɛlɪŋ,1,1,0,1,0
tɑləɹeɪt,1,1,0,1,0
tɛləɡɹæf,1,1,0,1,0
tɪm,1,1,0,1,0
tɛmpl,1,1,0,1,0
tɛmpt,1,1,0,1,0
tɛmpəɹ,1,1,0,1,0
tɛmpəɹɛɹɪ,1,1,0,1,0
tɛmpɹətʃəɹ,1,1,0,1,0
tɛn,1,1,0,1,0
tɪn,1,1,0,1,0
tʌn,1,1,0,1,0
tɛnd,1,1,0,1,0
tɛndənsɪ,1,1,0,1,0
tɛndəɹ,1,1,0,1,0
tɛns,1,1,0,1,0
tɛnt,1,1,0,1,0
tɛnəs,1,1,0,1,0
tɪp,1,1,0,1,0
tɑp,1,1,0,1,0
tɪpəkəl,1,1,0,1,0
tɛst,1,1,0,1,0
tʌtʃ,1,1,0,1,0
tʌtʃt,1,1,0,1,0
tɛðəɹ,1,1,0,1,0
tʌŋ,1,1,0,1,0
tɛə,1,1,0,1,0
tʊə,1,1,0,1,0
tɔəl,1,1,0,1,0
tɜɹbəʊtʃɑɹdʒ,1,1,0,1,0
tɜɹm,1,1,0,1,0
tɜɹmz,1,1,0,1,0
tɜɹnteɪbl,1,1,0,1,0
tɜɹn,1,1,0,1,0
tɜɹnd,1,1,0,1,0
tɜɹnz,1,1,0,1,0
tɜɹnɜɹ,1,1,0,1,0
tɛɹəbl,1,1,0,1,0
tɛɹɪfaɪd,1,1,0,1,0
tɪɹənaɪzd,1,1,0,1,0
tɔɹənt,1,1,0,1,0
tʊɹɪst,1,1,0,1,0
tɛɹəɹ,1,1,0,1,0
tɑɹɡət,1,1,0,1,0
tɛmpɹəmɛntəlɪ,1,1,0,1,0
tɛtɹəhidɹəl,1,1,0,1,0
tɹænsfɜɹ,1,1,0,1,0
tɹænskɹaɪbz,1,1,0,1,0
tɹænsleɪt,1,1,0,1,0
tɹænsleɪtəɹ,1,1,0,1,0
tɹænsleɪʃən,1,1,0,1,0
tɹænspɛɹənt,1,1,0,1,0
tɹænsɛndɪŋ,1,1,0,1,0
tɹænzɡɹɛsəɹ,1,1,0,1,0
tɹænzleɪt,1,1,0,1,0
tɹænzleɪʃən,1,1,0,1,0
tɹæfɪk,1,1,0,1,0
tɹæk,1,1,0,1,0
tʃæləndʒ,1,1,0,1,0
tʃæmblɪn,1,1,0,1,0
tʃæmbəɹlənd,1,1,0,1,0
tʃæns,1,1,0,1,0
tɹænsɛkʃən,1,1,0,1,0
tɹæp,1,1,0,1,0
tɹævəl,1,1,0,1,0
tɹænzkɑnɪnɛntəl,1,1,0,1,0
tʃaɪniz,1,1,0,1,0
tɹaɪ,1,1,0,1,0
tɹaɪb,1,1,0,1,0
tɹaɪd,1,1,0,1,0
tʃaɪldhʊd,1,1,0,1,0
tʃaɪld,1,1,0,1,0
tʃaɪnə,1,1,0,1,0
tɹaʊzəɹz,1,1,0,1,0
tɹaɪəl,1,1,0,1,0
tɹaɪɪŋ,1,1,0,1,0
tɹeɪ,1,1,0,1,0
tɹeɪd,1,1,0,1,0
tʃeɪn,1,1,0,1,0
tɹeɪn,1,1,0,1,0
tʃeɪndʒ,1,1,0,1,0
tʃeɪndʒd,1,1,0,1,0
tʃeɪndʒɪz,1,1,0,1,0
tʃeɪndʒɪŋ,1,1,0,1,0
tɹeɪniz,1,1,0,1,0
tɹeɪnɪŋ,1,1,0,1,0
tʃeɪs,1,1,0,1,0
tɹeɪtəɹəs,1,1,0,1,0
tɹi,1,1,0,1,0
tʃif,1,1,0,1,0
tʃik,1,1,0,1,0
tʃip,1,1,0,1,0
tʃit,1,1,0,1,0
tɹit,1,1,0,1,0
tɹitmənt,1,1,0,1,0
tʃiz,1,1,0,1,0
tɹiz,1,1,0,1,0
tʃu,1,1,0,1,0
tɹu,1,1,0,1,0
tʃuz,1,1,0,1,0
tɹuθ,1,1,0,1,0
tɹədɪʃənəl,1,1,0,1,0
tʃɑ,1,1,0,1,0
tɔɪ,1,1,0,1,0
tɹʌbl,1,1,0,1,0
tɹʌblɪŋ,1,1,0,1,0
tɹʌkloʊdz,1,1,0,1,0
tʃɑk,1,1,0,1,0
tʃɛk,1,1,0,1,0
tɹɪk,1,1,0,1,0
tʃɔklɛt,1,1,0,1,0
tʃɔkləts,1,1,0,1,0
tʃɔkələts,1,1,0,1,0
tʃɪkɛn,1,1,0,1,0
tʃɪldɹɛn,1,1,0,1,0
tɹɛmbl,1,1,0,1,0
tɹɑmblɪ,1,1,0,1,0
tʃɪmnɪ,1,1,0,1,0
tʃʌmp,1,1,0,1,0
tʃɪn,1,1,0,1,0
tɹɪntɛks,1,1,0,1,0
tʃɛnəwɛθ,1,1,0,1,0
tɹɪp,1,1,0,1,0
tɹɑpɪkəl,1,1,0,1,0
tʃɛst,1,1,0,1,0
tɹʌst,1,1,0,1,0
tʃɛstəɹsən,1,1,0,1,0
tʃɪɹfəl,1,1,0,1,0
tʃɛɹpɜɹsən,1,1,0,1,0
tʃɛə,1,1,0,1,0
tʃɪə,1,1,0,1,0
tʃɑɹdʒ,1,1,0,1,0
tɹʌŋk,1,1,0,1,0
tʃɑɹm,1,1,0,1,0
tʃɛɹmən,1,1,0,1,0
tʃɜɹtʃ,1,1,0,1,0
tɹɛʒəɹ,1,1,0,1,0
tɹɛʒəɹɪ,1,1,0,1,0
tʃɛɹəmɪɹdənz,1,1,0,1,0
tʃɔɪs,1,1,0,1,0
væɹaɪətɪ,1,1,0,1,0
vækyum,1,1,0,1,0
vælyu,1,1,0,1,0
vælyəbl,1,1,0,1,0
vælɪ,1,1,0,1,0
vælɪn,1,1,0,1,0
vaɪæɡɹə,1,1,0,1,0
vaʊwɛl,1,1,0,1,0
vaɪə,1,1,0,1,0
vaɪəlɛns,1,1,0,1,0
vaɪəlɛnt,1,1,0,1,0
veɪl,1,1,0,1,0
veɪn,1,1,0,1,0
vihɪkəl,1,1,0,1,0
vinə,1,1,0,1,0
voʊt,1,1,0,1,0
vyu,1,1,0,1,0
vyuəɹz,1,1,0,1,0
vəɹaɪətɪ,1,1,0,1,0
vɪdɪəʊ,1,1,0,1,0
vɛdʒtəbl,1,1,0,1,0
vɪktəɹɪ,1,1,0,1,0
vʌltʃəɹ,1,1,0,1,0
vɑlyum,1,1,0,1,0
vɪlədʒ,1,1,0,1,0
vɑlɪz,1,1,0,1,0
vɑn,1,1,0,1,0
vɪnt,1,1,0,1,0
vɛsl,1,1,0,1,0
vɛsəl,1,1,0,1,0
vɪttʃæk,1,1,0,1,0
vɪzɪt,1,1,0,1,0
vɪzɪts,1,1,0,1,0
vɪzɪtəɹ,1,1,0,1,0
vɜɹb,1,1,0,1,0
vɜɹs,1,1,0,1,0
vɜɹtʃu,1,1,0,1,0
vɛɹɪ,1,1,0,1,0
vɪʒən,1,1,0,1,0
vɪʒəwəl,1,1,0,1,0
vɛɹɪəs,1,1,0,1,0
vɛɹəʊ,1,1,0,1,0
vɜɹʒən,1,1,0,1,0
vɑləntɛɹəlɪ,1,1,0,1,0
vɔɪs,1,1,0,1,0
vɔɪədʒ,1,1,0,1,0
wæks,1,1,0,1,0
waɪ,1,1,0,1,0
waɪdspɹɛd,1,1,0,1,0
waɪd,1,1,0,1,0
waɪdn,1,1,0,1,0
waɪf,1,1,0,1,0
waɪl,1,1,0,1,0
waɪld,1,1,0,1,0
waɪn,1,1,0,1,0
waɪnd,1,1,0,1,0
waʊnd,1,1,0,1,0
waɪp,1,1,0,1,0
waɪthɛə,1,1,0,1,0
waɪt,1,1,0,1,0
waɪtn,1,1,0,1,0
waɪvz,1,1,0,1,0
waɪzkɹækɪŋ,1,1,0,1,0
waɪz,1,1,0,1,0
waɪzəɹ,1,1,0,1,0
waɪəɹ,1,1,0,1,0
weɪ,1,1,0,1,0
weɪdʒ,1,1,0,1,0
weɪdʒɪz,1,1,0,1,0
weɪk,1,1,0,1,0
weɪst,1,1,0,1,0
weɪt,1,1,0,1,0
weɪtɪd,1,1,0,1,0
weɪtəɹ,1,1,0,1,0
weɪv,1,1,0,1,0
weɪvəɹ,1,1,0,1,0
weɪz,1,1,0,1,0
wi,1,1,0,1,0
wid,1,1,0,1,0
wikdeɪ,1,1,0,1,0
wiklɪ,1,1,0,1,0
wik,1,1,0,1,0
wikn,1,1,0,1,0
wiks,1,1,0,1,0
wikɛnd,1,1,0,1,0
wil,1,1,0,1,0
win,1,1,0,1,0
wit,1,1,0,1,0
wiv,1,1,0,1,0
woʊl,1,1,0,1,0
wɛnɛvəɹ,1,1,0,1,0
wɪtʃɛvəɹ,1,1,0,1,0
wɪðɪn,1,1,0,1,0
wɛəɹɛvəɹ,1,1,0,1,0
wɪθaʊt,1,1,0,1,0
wɛb,1,1,0,1,0
wɛbsaɪt,1,1,0,1,0
wʊd,1,1,0,1,0
wʊdn,1,1,0,1,0
wɪdθ,1,1,0,1,0
wɑdɪd,1,1,0,1,0
wʊdən,1,1,0,1,0
wɛdɪŋ,1,1,0,1,0
wɪdəʊ,1,1,0,1,0
wɪdəʊəɹ,1,1,0,1,0
wɪf,1,1,0,1,0
wɔk,1,1,0,1,0
wɪkɪd,1,1,0,1,0
wɔkɪŋ,1,1,0,1,0
wɔl,1,1,0,1,0
wɛl,1,1,0,1,0
wɪl,1,1,0,1,0
wʊl,1,1,0,1,0
wʊlfs,1,1,0,1,0
wɛlkəm,1,1,0,1,0
wʊln,1,1,0,1,0
wɔltɜɹz,1,1,0,1,0
wɛlθ,1,1,0,1,0
wʊlən,1,1,0,1,0
wɪlɪŋ,1,1,0,1,0
wʊmən,1,1,0,1,0
wɪmən,1,1,0,1,0
wʌnmæn,1,1,0,1,0
wʌn,1,1,0,1,0
wɛn,1,1,0,1,0
wɪn,1,1,0,1,0
wɪnd,1,1,0,1,0
wɑndə,1,1,0,1,0
wɑndəɹ,1,1,0,1,0
wʌndəɹ,1,1,0,1,0
wʌndəɹfəl,1,1,0,1,0
wɪndəʊ,1,1,0,1,0
wʌns,1,1,0,1,0
wɑnt,1,1,0,1,0
wɛnt,1,1,0,1,0
wɑnts,1,1,0,1,0
wɔntɪd,1,1,0,1,0
wɪntəɹ,1,1,0,1,0
wʌnz,1,1,0,1,0
wɪp,1,1,0,1,0
wɛpən,1,1,0,1,0
wɪsl,1,1,0,1,0
wɪspəɹ,1,1,0,1,0
wɛst,1,1,0,1,0
wɛstəɹn,1,1,0,1,0
wɛt,1,1,0,1,0
wʌt,1,1,0,1,0
wɪtnəs,1,1,0,1,0
wɑtʃ,1,1,0,1,0
wɪtʃ,1,1,0,1,0
wɪtəkəɹ,1,1,0,1,0
wɔtəɹ,1,1,0,1,0
wɑtʃɪŋ,1,1,0,1,0
wɑz,1,1,0,1,0
wɪzdəm,1,1,0,1,0
wɑznt,1,1,0,1,0
wɪð,1,1,0,1,0
wɛðəɹ,1,1,0,1,0
wɔɹ,1,1,0,1,0
wɑʃ,1,1,0,1,0
wɜɹ,1,1,0,1,0
wɪŋ,1,1,0,1,0
wɪʃ,1,1,0,1,0
wɪə,1,1,0,1,0
wɛə,1,1,0,1,0
wɔɹd,1,1,0,1,0
wɪɹd,1,1,0,1,0
wɜɹd,1,1,0,1,0
wɜɹdz,1,1,0,1,0
wɪɹdəst,1,1,0,1,0
wɜɹkɡɹup,1,1,0,1,0
wɜɹk,1,1,0,1,0
wɜɹks,1,1,0,1,0
wɜɹkt,1,1,0,1,0
wɜɹkəɹ,1,1,0,1,0
wɜɹkɪŋ,1,1,0,1,0
wɜɹkəɹz,1,1,0,1,0
wɜɹld,1,1,0,1,0
wɛɹlɪ,1,1,0,1,0
wɔɹmθ,1,1,0,1,0
wɔɹm,1,1,0,1,0
wɜɹm,1,1,0,1,0
wɔɹn,1,1,0,1,0
wɜɹs,1,1,0,1,0
wɜɹst,1,1,0,1,0
wɑʃt,1,1,0,1,0
wɜɹðɪ,1,1,0,1,0
wɜɹθ,1,1,0,1,0
wɔɹɪ,1,1,0,1,0
wɔɹəntlɛs,1,1,0,1,0
wɑʃɪŋtən,1,1,0,1,0
wɜɹʃəp,1,1,0,1,0
wʌnsɛlf,1,1,0,1,0
wʌtɛvəɹ,1,1,0,1,0
yæ,1,1,0,1,0
yild,1,1,0,1,0
yoʊkt,1,1,0,1,0
yoʊəl,1,1,0,1,0
yunaɪtəd,1,1,0,1,0
yunik,1,1,0,1,0
yu,1,1,0,1,0
yunaɪt,1,1,0,1,0
yunyən,1,1,0,1,0
yunəfɔɹm,1,1,0,1,0
yunət,1,1,0,1,0
yunətɪ,1,1,0,1,0
yunɪvɜɹs,1,1,0,1,0
yunɪən,1,1,0,1,0
yusfəl,1,1,0,1,0
yuslɛs,1,1,0,1,0
yus,1,1,0,1,0
yusəz,1,1,0,1,0
yuzd,1,1,0,1,0
yuzəɹ,1,1,0,1,0
yuzɪŋ,1,1,0,1,0
yuzəɹz,1,1,0,1,0
yuθ,1,1,0,1,0
yuəl,1,1,0,1,0
yuʒuwəl,1,1,0,1,0
yuʒəwəlɪ,1,1,0,1,0
yunəvɜɹsəl,1,1,0,1,0
yunəvɜɹsətɪ,1,1,0,1,0
yʊɹsɛlf,1,1,0,1,0
yɛl,1,1,0,1,0
yɛləʊ,1,1,0,1,0
yɛs,1,1,0,1,0
yɛstəɹdeɪ,1,1,0,1,0
yɛt,1,1,0,1,0
yɑtɪŋz,1,1,0,1,0
yɪyəɹz,1,1,0,1,0
yʌŋ,1,1,0,1,0
yʊə,1,1,0,1,0
yɪəɹ,1,1,0,1,0
yɑɹd,1,1,0,1,0
yɔɹk,1,1,0,1,0
yɪɹlɪ,1,1,0,1,0
yʊɹz,1,1,0,1,0
yʊɹɪ,1,1,0,1,0
yʊɹəp,1,1,0,1,0
yʊɹəpiən,1,1,0,1,0
zæɹə,1,1,0,1,0
zaɪpɹɛksə,1,1,0,1,0
ziæd,1,1,0,1,0
ziɹəʊ,1,1,0,1,0
zɑm,1,1,0,1,0
zɪnsəɹ,1,1,0,1,0
ðæn,1,1,0,1,0
ðæt,1,1,0,1,0
ðæts,1,1,0,1,0
ðeɪ,1,1,0,1,0
ðeɪl,1,1,0,1,0
ðeɪɹ,1,1,0,1,0
ðiz,1,1,0,1,0
ðoʊ,1,1,0,1,0
ðoʊz,1,1,0,1,0
ðə,1,1,0,1,0
ðɛmsɛlvz,1,1,0,1,0
ðɛm,1,1,0,1,0
ðɛn,1,1,0,1,0
ðɪs,1,1,0,1,0
ðʌs,1,1,0,1,0
ðɛə,1,1,0,1,0
ðɛəfɔɹ,1,1,0,1,0
ðɛɹfɔɹ,1,1,0,1,0
ðɛɹz,1,1,0,1,0
ə,1,1,0,1,0
əbaʊt,1,1,0,1,0
əbdʒɛktəɹz,1,1,0,1,0
əbdʒɛkʃən,1,1,0,1,0
əbteɪn,1,1,0,1,0
əbzɜɹv,1,1,0,1,0
əbɪləti,1,1,0,1,0
əbɪs,1,1,0,1,0
əbʌv,1,1,0,1,0
əbɹɔd,1,1,0,1,0
ədmɪt,1,1,0,1,0
ədmɪtəns,1,1,0,1,0
ədvæns,1,1,0,1,0
ədʌlt,1,1,0,1,0
ədɑpt,1,1,0,1,0
ədɑpʃən,1,1,0,1,0
ədɔɹə,1,1,0,1,0
ədɪʃən,1,1,0,1,0
ədɪʃənəl,1,1,0,1,0
əfɛkt,1,1,0,1,0
ɪfɛkt,1,1,0,1,0
ɪfɛkts,1,1,0,1,0
ɪfɛktɪv,1,1,0,1,0
əfɛnd,1,1,0,1,0
əfɛns,1,1,0,1,0
əfɛnsɪv,1,1,0,1,0
əfɛə,1,1,0,1,0
əfɔɹd,1,1,0,1,0
əfɪʃəl,1,1,0,1,0
ɪfɪʃənsɪ,1,1,0,1,0
ɪfɪʃənt,1,1,0,1,0
əfɹeɪd,1,1,0,1,0
əhɛd,1,1,0,1,0
əkaʊnt,1,1,0,1,0
əkeɪʒən,1,1,0,1,0
əklɑk,1,1,0,1,0
ɪksploʊd,1,1,0,1,0
ɪksploʊsɪv,1,1,0,1,0
ɪksploʊʒən,1,1,0,1,0
ɪksaɪt,1,1,0,1,0
ɪksaɪtɪd,1,1,0,1,0
ɪksaɪtɪŋ,1,1,0,1,0
ɪkskluʒənz,1,1,0,1,0
ɪkskyus,1,1,0,1,0
ɪkspleɪn,1,1,0,1,0
ɪkspleɪnd,1,1,0,1,0
ɪksplɔɹ,1,1,0,1,0
ɪkspɛkt,1,1,0,1,0
ɪkspɛktəd,1,1,0,1,0
ɪkspɛns,1,1,0,1,0
ɪkspɛnsɪv,1,1,0,1,0
ɪkspɛɹɪmənt,1,1,0,1,0
ɪkspɪɹɪəns,1,1,0,1,0
ɪkspɪɹɪənsɪz,1,1,0,1,0
ɪkspɹɛs,1,1,0,1,0
ɪkspɹɛʃən,1,1,0,1,0
ɪkstɛnd,1,1,0,1,0
ɪkstɛnsɪv,1,1,0,1,0
ɪkstɛnt,1,1,0,1,0
ɪkstɛnʃən,1,1,0,1,0
ɪkstɪŋɡwɪʃəɹz,1,1,0,1,0
ɪkstʃeɪndʒ,1,1,0,1,0
ɪkstɹim,1,1,0,1,0
ɪkstɹimlɪ,1,1,0,1,0
ɪksɛpt,1,1,0,1,0
ɪksɛpʃən,1,1,0,1,0
ɪksɛsɪv,1,1,0,1,0
əksɛʃən,1,1,0,1,0
əktoʊbəɹ,1,1,0,1,0
ɪkwɑlətɪ,1,1,0,1,0
ɪkwɪpmənt,1,1,0,1,0
ɪkwɪps,1,1,0,1,0
əkyuz,1,1,0,1,0
əkʌlt,1,1,0,1,0
ɪkɑnəmɪ,1,1,0,1,0
əkʌstəm,1,1,0,1,0
əkɜɹ,1,1,0,1,0
əkɔɹd,1,1,0,1,0
əkɔɹdɪd,1,1,0,1,0
əkɔɹdəns,1,1,0,1,0
əkɔɹdɪŋ,1,1,0,1,0
əkɹɔs,1,1,0,1,0
ɪlæstɪk,1,1,0,1,0
əlaʊ,1,1,0,1,0
əlaʊd,1,1,0,1,0
əlaɪk,1,1,0,1,0
əlaɪv,1,1,0,1,0
əlaʊz,1,1,0,1,0
əlaʊəns,1,1,0,1,0
əloʊn,1,1,0,1,0
əloʊŋɡɪ,1,1,0,1,0
ɪlɛktɹɪʃən,1,1,0,1,0
ɪlɛkt,1,1,0,1,0
ɪlɛktɹɪk,1,1,0,1,0
ɪlɛkʃən,1,1,0,1,0
əlɔŋ,1,1,0,1,0
ɪlɛktɹɪsətɪ,1,1,0,1,0
ɔlɹɛdɪ,1,1,0,1,0
ɪmbæləns,1,1,0,1,0
əmaʊnt,1,1,0,1,0
ɪmeɪl,1,1,0,1,0
əmeɪzɪŋ,1,1,0,1,0
ɛmplɔɪ,1,1,0,1,0
ɛmplɔɪmənt,1,1,0,1,0
ɛmplɔɪɪ,1,1,0,1,0
ɛmplɔɪəɹ,1,1,0,1,0
əmyuzmɛnt,1,1,0,1,0
əmyuz,1,1,0,1,0
əmyuzɪŋ,1,1,0,1,0
əmʌŋ,1,1,0,1,0
əmʌŋst,1,1,0,1,0
əmɛɹɪkə,1,1,0,1,0
əmɛɹɪkən,1,1,0,1,0
ənbʊk,1,1,0,1,0
ənbɛɹəbl,1,1,0,1,0
əndu,1,1,0,1,0
ənivənlɪ,1,1,0,1,0
ɛnkæpsəleɪt,1,1,0,1,0
ənpɹɪnsəpld,1,1,0,1,0
ənsaɪnd,1,1,0,1,0
ənsteɪdʒ,1,1,0,1,0
ənsʌtl,1,1,0,1,0
ɪn,1,1,0,1,0
ɛnæktmənt,1,1,0,1,0
ənaʊns,1,1,0,1,0
ənd,1,1,0,1,0
əndəɹkæpətəlaɪz,1,1,0,1,0
ɛneɪbl,1,1,0,1,0
ɛnfɔɹsəbl,1,1,0,1,0
ɪnkloʊz,1,1,0,1,0
ɛnkɜɹɪdʒmənt,1,1,0,1,0
ənlɛs,1,1,0,1,0
ɪntaɪəɹ,1,1,0,1,0
əntɪl,1,1,0,1,0
ɪnvaɪɹənmənt,1,1,0,1,0
ɪnvaɪɹənmɛntəl,1,1,0,1,0
ənvɛɹɪfaɪd,1,1,0,1,0
ɪnʌf,1,1,0,1,0
ənʌðəɹ,1,1,0,1,0
ənɔɪ,1,1,0,1,0
ɛnʃʊə,1,1,0,1,0
ənɔɪəns,1,1,0,1,0
əpstɛɹz,1,1,0,1,0
əpsɛt,1,1,0,1,0
əpɹaɪt,1,1,0,1,0
əpdeɪt,1,1,0,1,0
əplaɪ,1,1,0,1,0
əplɔd,1,1,0,1,0
əplɔz,1,1,0,1,0
əpoʊnənt,1,1,0,1,0
əpoʊz,1,1,0,1,0
əpɑlədʒi,1,1,0,1,0
əpɑn,1,1,0,1,0
əpɪnyən,1,1,0,1,0
əpɪnɪən,1,1,0,1,0
əpɪə,1,1,0,1,0
əpɪəɹəns,1,1,0,1,0
əpɑɹt,1,1,0,1,0
əpɹoʊtʃ,1,1,0,1,0
əpɹuv,1,1,0,1,0
əpɹuvəl,1,1,0,1,0
əpɔɪnt,1,1,0,1,0
əsaɪd,1,1,0,1,0
ɪskeɪp,1,1,0,1,0
əslip,1,1,0,1,0
əsoʊsɪeɪtəd,1,1,0,1,0
əsoʊsɪət,1,1,0,1,0
əsoʊsɪeɪʃən,1,1,0,1,0
əspɛʃəlɪ,1,1,0,1,0
ɪstæblɪʃ,1,1,0,1,0
ɪstæblɪʃmənt,1,1,0,1,0
ɪstæblɪʃt,1,1,0,1,0
əstɑnɪʃ,1,1,0,1,0
ɔstɹeɪlyən,1,1,0,1,0
əsɛmbl,1,1,0,1,0
əsɛmblz,1,1,0,1,0
ɛsɛnʃəl,1,1,0,1,0
ɛsɛnʃəlɪ,1,1,0,1,0
əsɪstəd,1,1,0,1,0
ətæk,1,1,0,1,0
ətɛmpt,1,1,0,1,0
ətɛnd,1,1,0,1,0
ətɛndəns,1,1,0,1,0
ətɛndɪŋ,1,1,0,1,0
ətɛntɪv,1,1,0,1,0
ətɛnʃən,1,1,0,1,0
ɪtɜɹnəlɪ,1,1,0,1,0
ətɹækt,1,1,0,1,0
ətɹæktɪv,1,1,0,1,0
ətɹæktɪŋ,1,1,0,1,0
ətɹækʃən,1,1,0,1,0
ətʃiv,1,1,0,1,0
ətʃɪltɹi,1,1,0,1,0
ɪvæpəɹeɪtəɹ,1,1,0,1,0
ɪveɪdz,1,1,0,1,0
əveɪləbl,1,1,0,1,0
ɪvɑlvz,1,1,0,1,0
ɪvɛnt,1,1,0,1,0
ɪvɛnts,1,1,0,1,0
ɪvɛntʃəwəlɪ,1,1,0,1,0
əvɔɪd,1,1,0,1,0
əvɔɪdəns,1,1,0,1,0
əweɪ,1,1,0,1,0
əweɪk,1,1,0,1,0
əwɔɹd,1,1,0,1,0
əɹaʊnd,1,1,0,1,0
əɹaɪv,1,1,0,1,0
əɹaɪvəl,1,1,0,1,0
əɹaɪz,1,1,0,1,0
əɹaɪzɪz,1,1,0,1,0
əʃeɪmd,1,1,0,1,0
əɹeɪndʒmɛnt,1,1,0,1,0
əɹeɪndʒ,1,1,0,1,0
əɡoʊ,1,1,0,1,0
əɹtɪkyəleɪt,1,1,0,1,0
ɪɡzækt,1,1,0,1,0
ɪɡzæktlɪ,1,1,0,1,0
ɪɡzæmpl,1,1,0,1,0
ɪɡzæmplz,1,1,0,1,0
ɪɡzæmɪn,1,1,0,1,0
ɪɡzæməneɪʃən,1,1,0,1,0
ɪɡzɪst,1,1,0,1,0
ɛɡzɪstəns,1,1,0,1,0
əɹɛkiɡə,1,1,0,1,0
əɹɑbəɪ,1,1,0,1,0
əɹɪdʒənəl,1,1,0,1,0
əɹɪdʒɪnəl,1,1,0,1,0
əɡɛn,1,1,0,1,0
əɡɛnst,1,1,0,1,0
əɹɛst,1,1,0,1,0
əθɔɹətɪ,1,1,0,1,0
əɡɹi,1,1,0,1,0
əɡɹimənt,1,1,0,1,0
ɔɹθɑɡɹəfɪ,1,1,0,1,0
ʌ,1,1,0,1,0
ɑbdʒɛkt,1,1,0,1,0
ɑbdʒɛkts,1,1,0,1,0
ɑbvɪeɪtəd,1,1,0,1,0
ɑbvɪəslɪ,1,1,0,1,0
ɑbəʊz,1,1,0,1,0
ɑd,1,1,0,1,0
ɛdʒ,1,1,0,1,0
ɑdɛst,1,1,0,1,0
ɑdɪəns,1,1,0,1,0
ɛdʒəkeɪt,1,1,0,1,0
ɛdʒəkeɪtəɹ,1,1,0,1,0
ɪf,1,1,0,1,0
ɔf,1,1,0,1,0
ɔfn,1,1,0,1,0
ɔftən,1,1,0,1,0
ɔfəs,1,1,0,1,0
ɔfəsɪz,1,1,0,1,0
ɔfəsəɹ,1,1,0,1,0
ɔfəɹ,1,1,0,1,0
ɛfəɹt,1,1,0,1,0
ɔfəɹz,1,1,0,1,0
ɛkstɹə,1,1,0,1,0
ɑksədʒɛn,1,1,0,1,0
ɛksələns,1,1,0,1,0
ɛksələnt,1,1,0,1,0
ɛksəɹsaɪz,1,1,0,1,0
ɛksɛs,1,1,0,1,0
ɔkwəɹd,1,1,0,1,0
ɛkɪnɹɔθ,1,1,0,1,0
ɔlbɹaɪts,1,1,0,1,0
ɔl,1,1,0,1,0
ɪl,1,1,0,1,0
ɛlboʊ,1,1,0,1,0
ɛldəɹ,1,1,0,1,0
ɔlmoʊst,1,1,0,1,0
ɛlswɛɹ,1,1,0,1,0
ɛls,1,1,0,1,0
ɛlsən,1,1,0,1,0
ɔlsəʊ,1,1,0,1,0
ɔlweɪz,1,1,0,1,0
ɛləfənt,1,1,0,1,0
ɛləmənt,1,1,0,1,0
ʌmbɹɛlə,1,1,0,1,0
ɛmpaɪəɹ,1,1,0,1,0
ɛmptɪ,1,1,0,1,0
ɛmtɪ,1,1,0,1,0
ɪmədʒ,1,1,0,1,0
ɪmədʒəz,1,1,0,1,0
ɑmən,1,1,0,1,0
ɪməteɪt,1,1,0,1,0
ɪndɔɹ,1,1,0,1,0
ɪndɔɹz,1,1,0,1,0
ɛnfəɹ,1,1,0,1,0
ɛntɹəl,1,1,0,1,0
ɪnwɜɹdz,1,1,0,1,0
ɑn,1,1,0,1,0
ɛndlɛs,1,1,0,1,0
ɛnd,1,1,0,1,0
ɪndəkeɪt,1,1,0,1,0
ɪndəstɹɪ,1,1,0,1,0
ʌndəɹ,1,1,0,1,0
ɪndɪə,1,1,0,1,0
ɛndʒən,1,1,0,1,0
ɛndʒənɪə,1,1,0,1,0
ɪndʒəɹz,1,1,0,1,0
ɪnfluəns,1,1,0,1,0
ɪnkʌm,1,1,0,1,0
ɔnlaɪn,1,1,0,1,0
ɪnstənt,1,1,0,1,0
ɪnstɹʊmənt,1,1,0,1,0
ɪnsɛkt,1,1,0,1,0
ɪnsɛns,1,1,0,1,0
ɪntu,1,1,0,1,0
ɑntu,1,1,0,1,0
ɪntʃ,1,1,0,1,0
ɪntəɹfeɪs,1,1,0,1,0
ɛntəɹ,1,1,0,1,0
ɪntəɹnɛt,1,1,0,1,0
ɪntəɹvyu,1,1,0,1,0
ɪntəɹɛst,1,1,0,1,0
ɪntəɹɛstɪd,1,1,0,1,0
ɪntəɹɛstɪŋ,1,1,0,1,0
ɛntɹəns,1,1,0,1,0
ɛnvɪ,1,1,0,1,0
ɛnvəloʊp,1,1,0,1,0
ɪnwəɹd,1,1,0,1,0
ʌnyən,1,1,0,1,0
ɛnɪ,1,1,0,1,0
ɛnɪbədɪ,1,1,0,1,0
ɛnɪhaʊ,1,1,0,1,0
ɛnəmɪ,1,1,0,1,0
ɑnəst,1,1,0,1,0
ɑnəstɪ,1,1,0,1,0
ɛnɪweɪ,1,1,0,1,0
ɛnɪwʌn,1,1,0,1,0
ɛnɪwɛɹ,1,1,0,1,0
ɑnəɹ,1,1,0,1,0
ɪnəɹ,1,1,0,1,0
ʌnɪən,1,1,0,1,0
ɛnəɹdʒɪ,1,1,0,1,0
ɑnəɹəbl,1,1,0,1,0
ɛnɪθɪŋ,1,1,0,1,0
ɪnəɡɹeɪt,1,1,0,1,0
ʌpsaɪd,1,1,0,1,0
ʌp,1,1,0,1,0
ɑpt,1,1,0,1,0
ɑpɪk,1,1,0,1,0
ɛpɪsoʊd,1,1,0,1,0
ɛpɪsoʊdz,1,1,0,1,0
ɑpəzɪt,1,1,0,1,0
ʌpəɹmoʊst,1,1,0,1,0
ʌpəɹ,1,1,0,1,0
ɑpəɹeɪt,1,1,0,1,0
ɑpəɹeɪtəɹ,1,1,0,1,0
ɑpʃən,1,1,0,1,0
ɑpʃənz,1,1,0,1,0
ʌs,1,1,0,1,0
ɪslɑm,1,1,0,1,0
ɔspɹɪ,1,1,0,1,0
ɔst,1,1,0,1,0
ɑstəɹtəɡ,1,1,0,1,0
ɛsəns,1,1,0,1,0
ɪt,1,1,0,1,0
ɔt,1,1,0,1,0
ɪts,1,1,0,1,0
ɔtəm,1,1,0,1,0
ʌv,1,1,0,1,0
ɛvədəns,1,1,0,1,0
ɛvəɹ,1,1,0,1,0
ɛvəɹɪdʒ,1,1,0,1,0
ɛvɹɪ,1,1,0,1,0
ɛvɹɪbɑdɪ,1,1,0,1,0
ɛvɹɪdeɪ,1,1,0,1,0
ɛvɹɪwʌn,1,1,0,1,0
ɛvɹɪwʌnz,1,1,0,1,0
ɛvɹɪwɛɹ,1,1,0,1,0
ɛvɹɪθɪŋ,1,1,0,1,0
ɪz,1,1,0,1,0
ʌðəɹwaɪz,1,1,0,1,0
ʌðəɹ,1,1,0,1,0
ʌðəɹz,1,1,0,1,0
ɛɹfɔɹs,1,1,0,1,0
ɛɹkɹæft,1,1,0,1,0
ɛɡplænt,1,1,0,1,0
ɛɹpleɪn,1,1,0,1,0
ɛɹpɔɹt,1,1,0,1,0
ɛŋɡəndəɹz,1,1,0,1,0
ɑɹ,1,1,0,1,0
ɛɡ,1,1,0,1,0
ɔɹ,1,1,0,1,0
ɛə,1,1,0,1,0
ɛəpawəɹ,1,1,0,1,0
ɜɹdʒ,1,1,0,1,0
ɔɹdənɛɹɪ,1,1,0,1,0
ɔɹdəɹ,1,1,0,1,0
ɜɹdʒənt,1,1,0,1,0
ɪŋk,1,1,0,1,0
ʌŋkəl,1,1,0,1,0
ɜɹlɪ,1,1,0,1,0
ʌɡlɪ,1,1,0,1,0
ɜɹlɪəɹ,1,1,0,1,0
ɑɹm,1,1,0,1,0
ɑɹmz,1,1,0,1,0
ɑɹmɪ,1,1,0,1,0
ɑɹməɹ,1,1,0,1,0
ɜɹn,1,1,0,1,0
ɔɹnəmənt,1,1,0,1,0
ɜɹnɪst,1,1,0,1,0
ɜɹnəɹ,1,1,0,1,0
ɜɹsən,1,1,0,1,0
ɑɹt,1,1,0,1,0
ɑɹtʃ,1,1,0,1,0
ɑɹtəkəl,1,1,0,1,0
ɑɹtəst,1,1,0,1,0
ɪʃu,1,1,0,1,0
ɪʃuz,1,1,0,1,0
ɜɹθ,1,1,0,1,0
ɔɹədʒɪn,1,1,0,1,0
ɔɹəndʒ,1,1,0,1,0
ɑɡəst,1,1,0,1,0
ɔθəɹ,1,1,0,1,0
ɛɹɪə,1,1,0,1,0
ɛɹɪəz,1,1,0,1,0
ɪŋɡlɪʃ,1,1,0,1,0
ɑɹɡyu,1,1,0,1,0
ɑɹɡyuz,1,1,0,1,0
ɑɹɡyəmɛnt,1,1,0,1,0
ɔɹɡən,1,1,0,1,0
ɔɹɡənaɪz,1,1,0,1,0
ɑbləɡeɪʃən,1,1,0,1,0
ɛdətɔɹɪəlɪsts,1,1,0,1,0
ɛdʒəkeɪʃən,1,1,0,1,0
ɛkspləneɪʃən,1,1,0,1,0
ɛkstɹəɔɹdənɛɹɪ,1,1,0,1,0
ɛksəkyuʃənəɹz,1,1,0,1,0
ɛkənɑmɪk,1,1,0,1,0
ɔltəɡɛðəɹ,1,1,0,1,0
ɔlðoʊ,1,1,0,1,0
ɪmplænt,1,1,0,1,0
ɪmplɪsətlɪ,1,1,0,1,0
ɪmædʒən,1,1,0,1,0
ɪmædʒɪnətɪv,1,1,0,1,0
ɪmædʒɪnɛɹɪ,1,1,0,1,0
ɪmædʒəneɪʃən,1,1,0,1,0
ɛmbæɹəst,1,1,0,1,0
ɛmbɹeɪs,1,1,0,1,0
ɛmbɹeɪst,1,1,0,1,0
ɪmidiət,1,1,0,1,0
ɪmpækt,1,1,0,1,0
ɪmpækts,1,1,0,1,0
ɪmpəɹɪɑlɪ,1,1,0,1,0
ɪmpɑsəbl,1,1,0,1,0
ɪmpɔɹtəns,1,1,0,1,0
ɪmpɔɹtənt,1,1,0,1,0
ɪmpɹuv,1,1,0,1,0
ɪmpɹuvmənt,1,1,0,1,0
ɪmpɹɛʃənɪst,1,1,0,1,0
ɪmyunɪtɪz,1,1,0,1,0
ɪməteɪʃən,1,1,0,1,0
ɪmɛns,1,1,0,1,0
ʌndəmɪnɪʃt,1,1,0,1,0
ʌndɪstɪŋɡwɪʃt,1,1,0,1,0
ɪndɛtɪdnɪs,1,1,0,1,0
ʌnɪnɪʃɪeɪtɪd,1,1,0,1,0
ɪnæktɪveɪʃən,1,1,0,1,0
ɪndid,1,1,0,1,0
ɪndəvɪdʒəwəlz,1,1,0,1,0
ɪndəvɪdʒʊəl,1,1,0,1,0
ʌndəɹniθ,1,1,0,1,0
ʌndəɹstænd,1,1,0,1,0
ʌndəɹstændɪŋ,1,1,0,1,0
ɪndʌstɹɪəl,1,1,0,1,0
ɛndʒɔɪ,1,1,0,1,0
ɛndʒɔɪmənt,1,1,0,1,0
ɪnfluɛnʃəl,1,1,0,1,0
ɪnflɪkʃən,1,1,0,1,0
ɪnfɛkt,1,1,0,1,0
ɪnfɛkʃən,1,1,0,1,0
ɪnfɛkʃəs,1,1,0,1,0
ɪnfɜɹd,1,1,0,1,0
ɪnfɔɹm,1,1,0,1,0
ɪnfɔɹmeɪʃən,1,1,0,1,0
ɛnkloʊʒəɹ,1,1,0,1,0
ɪnklud,1,1,0,1,0
ɪnkludz,1,1,0,1,0
ɪnkludəd,1,1,0,1,0
ɪnkludɪŋ,1,1,0,1,0
ɪnklusɪv,1,1,0,1,0
ɪnkwaɪə,1,1,0,1,0
ɪnkwaɪɹi,1,1,0,1,0
ɛnkɜɹɪdʒ,1,1,0,1,0
ɪnkɹis,1,1,0,1,0
ɪnkɹist,1,1,0,1,0
ɪnkɹɛdɪbl,1,1,0,1,0
ɪnkɹɛdɪblɪ,1,1,0,1,0
ɪnsaɪd,1,1,0,1,0
ɪnskɹɪpʃənz,1,1,0,1,0
ɪnstɛd,1,1,0,1,0
ɪnstɹʌkt,1,1,0,1,0
ɪnstɹʌkʃən,1,1,0,1,0
ɪnsʌlt,1,1,0,1,0
ɪntəɹkənɛkʃənz,1,1,0,1,0
ɪntəɹkʌmpənɪ,1,1,0,1,0
ɪntəɹlɑk,1,1,0,1,0
ɛntɜɹteɪnɪŋ,1,1,0,1,0
ɪntəɹfɪə,1,1,0,1,0
ɪntəɹfɪɹəns,1,1,0,1,0
ɪntəɹnæʃənəl,1,1,0,1,0
ɪntəɹnæʃənəlaɪzd,1,1,0,1,0
ɛntəɹteɪn,1,1,0,1,0
ɛntəɹteɪnmənt,1,1,0,1,0
ɪntəɹʌpt,1,1,0,1,0
ɪntəɹʌpʃən,1,1,0,1,0
ɪntəɡɹeɪʃən,1,1,0,1,0
ɪntɛnd,1,1,0,1,0
ɪntɛntʃən,1,1,0,1,0
ɪntɹədus,1,1,0,1,0
ɪntɹədʌkʃən,1,1,0,1,0
ɪntɹəʊdust,1,1,0,1,0
ɪnvaɪt,1,1,0,1,0
ɪnvɪteɪʃən,1,1,0,1,0
ɪnvɑlv,1,1,0,1,0
ɪnvɑlvd,1,1,0,1,0
ɪnvɛnt,1,1,0,1,0
ɪnvɛntəɹ,1,1,0,1,0
ɪnvɛnʃən,1,1,0,1,0
ɪnvɛstmənt,1,1,0,1,0
ɪnvɛstəɹz,1,1,0,1,0
ɪnəveɪʃən,1,1,0,1,0
ɪnɔɹɡænɪk,1,1,0,1,0
ɪnʃʊə,1,1,0,1,0
ɪnʃʊɹəns,1,1,0,1,0
ɪnʃʊɹənsɪz,1,1,0,1,0
ɑpəzɪʃən,1,1,0,1,0
ɑpəɹeɪʃən,1,1,0,1,0
ɑpəɹtunətɪ,1,1,0,1,0
ɛskənɑbə,1,1,0,1,0
ɪtsɛlf,1,1,0,1,0
ɛvəluʃən,1,1,0,1,0
ɛvəɹlæstɪŋ,1,1,0,1,0
ɑɹnɛlz,1,1,0,1,0
ɑɹtəfɪʃəl,1,1,0,1,0
ɔɹɪɡɑmi,1,1,0,1,0
ɔɹɡənəzeɪʃən,1,1,0,1,0
ɹæbət,1,1,0,1,0
ɡæbɪŋ,1,1,0,1,0
ʃædoʊ,1,1,0,1,0
ʃæl,1,1,0,1,0
ɡælən,1,1,0,1,0
ɡæləntɹɪ,1,1,0,1,0
ʃæləʊ,1,1,0,1,0
ɡæp,1,1,0,1,0
ɹæp,1,1,0,1,0
ɹæpəd,1,1,0,1,0
ɡæs,1,1,0,1,0
ɡæsəlin,1,1,0,1,0
ɹæt,1,1,0,1,0
θætʃ,1,1,0,1,0
ɹætəlɪŋ,1,1,0,1,0
ʃawəɹ,1,1,0,1,0
ɡæðəɹ,1,1,0,1,0
ɹæðəɹ,1,1,0,1,0
ʃæŋhaɪ,1,1,0,1,0
ɹæŋk,1,1,0,1,0
θæŋk,1,1,0,1,0
θæŋks,1,1,0,1,0
ɡæləɹiə,1,1,0,1,0
ɡaɪ,1,1,0,1,0
ɡaɪd,1,1,0,1,0
ɹaɪd,1,1,0,1,0
ɡaɪdəns,1,1,0,1,0
ʃaɪn,1,1,0,1,0
ɹaʊnd,1,1,0,1,0
ɹaɪp,1,1,0,1,0
ɹaɪpn,1,1,0,1,0
ɹaɪs,1,1,0,1,0
ɹaɪt,1,1,0,1,0
ʃaʊt,1,1,0,1,0
ɹaɪts,1,1,0,1,0
ɹaʊtəɹ,1,1,0,1,0
ɹaɪtɪŋ,1,1,0,1,0
ɹaɪvəl,1,1,0,1,0
ɹaɪvəlɹɪ,1,1,0,1,0
ɡaɪz,1,1,0,1,0
ɹaɪz,1,1,0,1,0
θaʊzəndθ,1,1,0,1,0
θaʊzənd,1,1,0,1,0
θaʊzəndz,1,1,0,1,0
ɡaʊɪnz,1,1,0,1,0
ɹaɪəts,1,1,0,1,0
ɹaɪɪθ,1,1,0,1,0
ɡeɪ,1,1,0,1,0
ɹeɪ,1,1,0,1,0
ʃeɪd,1,1,0,1,0
ɹeɪdɪoʊ,1,1,0,1,0
ɹeɪk,1,1,0,1,0
ʃeɪk,1,1,0,1,0
ʃeɪkɪnɛs,1,1,0,1,0
ʃeɪkɪɪst,1,1,0,1,0
ɹeɪlweɪ,1,1,0,1,0
ɹeɪl,1,1,0,1,0
ɹeɪlɹoʊd,1,1,0,1,0
ɡeɪm,1,1,0,1,0
ʃeɪm,1,1,0,1,0
ɡeɪmz,1,1,0,1,0
ɡeɪn,1,1,0,1,0
ɹeɪn,1,1,0,1,0
ɹeɪndʒ,1,1,0,1,0
ɹeɪnəʊ,1,1,0,1,0
ʃeɪp,1,1,0,1,0
ɹeɪs,1,1,0,1,0
ɡeɪt,1,1,0,1,0
ɹeɪt,1,1,0,1,0
ɡeɪtəɹ,1,1,0,1,0
ɡeɪv,1,1,0,1,0
ʃeɪv,1,1,0,1,0
ɹeɪz,1,1,0,1,0
ɹeɪzəɹ,1,1,0,1,0
ʃi,1,1,0,1,0
θid,1,1,0,1,0
ɹidɪŋ,1,1,0,1,0
ɹidʒən,1,1,0,1,0
θif,1,1,0,1,0
ɹifʌnd,1,1,0,1,0
ɹifʌndz,1,1,0,1,0
ʃild,1,1,0,1,0
ʃip,1,1,0,1,0
ɹisənt,1,1,0,1,0
ɹisəntlɪ,1,1,0,1,0
ɹisɔɹs,1,1,0,1,0
ɹisɔɹsɪz,1,1,0,1,0
ʃit,1,1,0,1,0
ɹitʃ,1,1,0,1,0
ɹizən,1,1,0,1,0
ɹizənz,1,1,0,1,0
ɹizənəbl,1,1,0,1,0
ɹiəl,1,1,0,1,0
ɹiəlaɪz,1,1,0,1,0
ɹiəlaɪzd,1,1,0,1,0
ɹiəlaɪzɪŋ,1,1,0,1,0
ɹiɡəlɪ,1,1,0,1,0
θiəɪtəɹ,1,1,0,1,0
ɹiɡəɹ,1,1,0,1,0
ɹiæləti,1,1,0,1,0
ɹikaʊnt,1,1,0,1,0
ɹikwaɪəɹ,1,1,0,1,0
ɹipleɪs,1,1,0,1,0
ɹipɔɹtəd,1,1,0,1,0
ɹipɹədus,1,1,0,1,0
ɹipɹədʌkʃən,1,1,0,1,0
ɹivyu,1,1,0,1,0
ɡlæd,1,1,0,1,0
ɡlæs,1,1,0,1,0
ʃlaɪməɹ,1,1,0,1,0
ɡloʊbəl,1,1,0,1,0
ɡlu,1,1,0,1,0
ɡlutən,1,1,0,1,0
ɡlɔɹɪ,1,1,0,1,0
ɡoʊ,1,1,0,1,0
ɹoʊ,1,1,0,1,0
ʃoʊ,1,1,0,1,0
ɹoʊbɑt,1,1,0,1,0
ɹoʊdaɪləndəɹz,1,1,0,1,0
ɹoʊdɹʌnəɹ,1,1,0,1,0
ɹoʊd,1,1,0,1,0
ʃoʊd,1,1,0,1,0
ɡoʊl,1,1,0,1,0
ɹoʊl,1,1,0,1,0
ɡoʊldmɑɹk,1,1,0,1,0
ɡoʊld,1,1,0,1,0
ɡoʊldən,1,1,0,1,0
ʃoʊldəɹ,1,1,0,1,0
ʃoʊn,1,1,0,1,0
ɹoʊp,1,1,0,1,0
ɹoʊst,1,1,0,1,0
ɡoʊt,1,1,0,1,0
ɹoʊt,1,1,0,1,0
ɡoʊz,1,1,0,1,0
ɹoʊz,1,1,0,1,0
ʃoʊz,1,1,0,1,0
ɹoʊɡ,1,1,0,1,0
ɡoʊɪŋ,1,1,0,1,0
ʃoʊɪŋ,1,1,0,1,0
ʃu,1,1,0,1,0
ɹud,1,1,0,1,0
ɹuf,1,1,0,1,0
ɹul,1,1,0,1,0
ɹulz,1,1,0,1,0
ɹuləɹ,1,1,0,1,0
ɹum,1,1,0,1,0
ɡusbɛɹɪ,1,1,0,1,0
ɹut,1,1,0,1,0
ʃut,1,1,0,1,0
ɹutəd,1,1,0,1,0
ɹuɪn,1,1,0,1,0
ɹuənz,1,1,0,1,0
ɡuɡl,1,1,0,1,0
ʃvɛd,1,1,0,1,0
ɡyubləɹ,1,1,0,1,0
θɪætɹɪkəl,1,1,0,1,0
əʊbeɪ,1,1,0,1,0
əʊbeɪɪŋ,1,1,0,1,0
əʊbidɪəns,1,1,0,1,0
əʊbidɪənt,1,1,0,1,0
ɡʊdbaɪ,1,1,0,1,0
ɹɪdim,1,1,0,1,0
ɹɪdus,1,1,0,1,0
ɹɪdʌkʃən,1,1,0,1,0
ɹɪdʒɛkt,1,1,0,1,0
ɹɪdʒɔɪs,1,1,0,1,0
ɹəflɛkt,1,1,0,1,0
ɹəflɛkʃən,1,1,0,1,0
ɹəfyuz,1,1,0,1,0
ɹəfyuzəl,1,1,0,1,0
ɹɪfɜɹ,1,1,0,1,0
ɹɪfɜɹəlz,1,1,0,1,0
ɹɪfɹeɪnz,1,1,0,1,0
ɹɪfɹɛʃ,1,1,0,1,0
ɹɪhaɪɹɪŋ,1,1,0,1,0
ɹɪhiə,1,1,0,1,0
ɹɪhɜɹsəl,1,1,0,1,0
ɹɪkæptʃəɹd,1,1,0,1,0
ɹɪkwaɪəmənt,1,1,0,1,0
ɹɪkwaɪəɹd,1,1,0,1,0
ɹɪkwaɪɹmənts,1,1,0,1,0
ɹɪkwɛst,1,1,0,1,0
ɹɪkʌvəɹəbl,1,1,0,1,0
ɹəkɔɹd,1,1,0,1,0
ɹɪleɪt,1,1,0,1,0
ɹɪleɪtɪd,1,1,0,1,0
ɹɪleɪʃən,1,1,0,1,0
ɹɪleɪʃənʃɪp,1,1,0,1,0
ɹɪlif,1,1,0,1,0
ɹɪlis,1,1,0,1,0
ɹɪlist,1,1,0,1,0
ɹɪliv,1,1,0,1,0
ɹɪlɪdʒən,1,1,0,1,0
ɹɪlɪdʒəs,1,1,0,1,0
ɹɪlɜɹnɪŋ,1,1,0,1,0
əʊlɪɹɪz,1,1,0,1,0
ɹɪmaɪnd,1,1,0,1,0
ɡəmaɪəlz,1,1,0,1,0
ɹɪmeɪn,1,1,0,1,0
ɹɪmeɪnd,1,1,0,1,0
ɹɪmuv,1,1,0,1,0
ɹɪmɛmbəɹ,1,1,0,1,0
əʊmɪt,1,1,0,1,0
ɹɪmɑɹk,1,1,0,1,0
ɹɪmɔɹs,1,1,0,1,0
əʊmɛɡə,1,1,0,1,0
əʊmɪʃən,1,1,0,1,0
ɹɪpit,1,1,0,1,0
ɹɪplaɪ,1,1,0,1,0
ɹɪpʌblək,1,1,0,1,0
ɹɪpʌblɪkənz,1,1,0,1,0
əʊpɑsəm,1,1,0,1,0
ɹɪpɛə,1,1,0,1,0
ɹɪpɔɹt,1,1,0,1,0
ɹɪpɔɹts,1,1,0,1,0
ɹɪsit,1,1,0,1,0
ɹəsiv,1,1,0,1,0
ɹəsivd,1,1,0,1,0
ɹɪspɛktfəl,1,1,0,1,0
ɹɪspɛkt,1,1,0,1,0
ɹɪspɛktɪd,1,1,0,1,0
ɹɪspɑns,1,1,0,1,0
ɹɪspɑnsəbl,1,1,0,1,0
ɹɪstəɹɑntəɪz,1,1,0,1,0
ɹɪstɹeɪnts,1,1,0,1,0
ɹɪsɛpʃənɪsts,1,1,0,1,0
ɹɪsɔɹts,1,1,0,1,0
ɹɪsɜɹtʃ,1,1,0,1,0
ɹɪtaɪə,1,1,0,1,0
ɹɪtɜɹn,1,1,0,1,0
ɹɪtɹiv,1,1,0,1,0
ɹɪtɹivd,1,1,0,1,0
ɹɪvaɪvd,1,1,0,1,0
ɹɪvoʊk,1,1,0,1,0
ɹɪvoʊkt,1,1,0,1,0
əʊvəɹtɹeɪnɪŋ,1,1,0,1,0
ɹɪvɛndʒ,1,1,0,1,0
ɹɪvɜɹsəlz,1,1,0,1,0
ɹɪwɔɹd,1,1,0,1,0
ɹɪzaɪn,1,1,0,1,0
ɹɪzʌlt,1,1,0,1,0
ɹɪzʌlts,1,1,0,1,0
ɹɪzɪst,1,1,0,1,0
ɹɪzɪstəns,1,1,0,1,0
ɹɪzɜɹv,1,1,0,1,0
ɹɪʃʌfəlɪŋ,1,1,0,1,0
ɡəɹɑʒ,1,1,0,1,0
ɹɪɡɑɹd,1,1,0,1,0
ɡəɹɑɹdɪ,1,1,0,1,0
ɹɪθɪŋkɪŋ,1,1,0,1,0
ɡəɹɡɑnəʊ,1,1,0,1,0
ɹəɡɹɛt,1,1,0,1,0
ɹɑ,1,1,0,1,0
ɹɑb,1,1,0,1,0
ɹʌb,1,1,0,1,0
ɹɪbən,1,1,0,1,0
ɹɑbɪn,1,1,0,1,0
ɹʌbəɹ,1,1,0,1,0
ɹʌbɪʃ,1,1,0,1,0
ɹɑbəɹɪ,1,1,0,1,0
ɹɛdfild,1,1,0,1,0
ɡɑd,1,1,0,1,0
ɡʊd,1,1,0,1,0
ɹɛd,1,1,0,1,0
ɹɪd,1,1,0,1,0
ɹɑd,1,1,0,1,0
ʃʊd,1,1,0,1,0
ɡʊdlɪ,1,1,0,1,0
ɹɛdn,1,1,0,1,0
ɡʊdz,1,1,0,1,0
ɹɛdɪ,1,1,0,1,0
ɹɑdənbɛɹɪ,1,1,0,1,0
ɹʌf,1,1,0,1,0
ɡɪft,1,1,0,1,0
ɹɛfəɹɛns,1,1,0,1,0
ɹɪfɹeɪm,1,1,0,1,0
ɹɪfɹeɪmd,1,1,0,1,0
ɡɑlk,1,1,0,1,0
ɹɑk,1,1,0,1,0
ʃɑk,1,1,0,1,0
θɪk,1,1,0,1,0
ɹɛk,1,1,0,1,0
θɪkn,1,1,0,1,0
θɪkən,1,1,0,1,0
ɹɛkəɡnaɪz,1,1,0,1,0
ʃɛlʃɑk,1,1,0,1,0
ɔɪl,1,1,0,1,0
ʃɛl,1,1,0,1,0
ʃɛlf,1,1,0,1,0
ɡɔlkɪ,1,1,0,1,0
ɡɪlt,1,1,0,1,0
ʃɛltəɹ,1,1,0,1,0
ʃɛltəɹd,1,1,0,1,0
ɹɛlətɪv,1,1,0,1,0
ʃɪlɪŋ,1,1,0,1,0
θʌm,1,1,0,1,0
ɹɛmədɪ,1,1,0,1,0
ɹɑmɪnz,1,1,0,1,0
ɡɔn,1,1,0,1,0
ɡʌn,1,1,0,1,0
ɹʌn,1,1,0,1,0
θɪn,1,1,0,1,0
θʌndəɹ,1,1,0,1,0
ɹɛnt,1,1,0,1,0
ɹʌnɪŋ,1,1,0,1,0
ʃɑpkipəɹ,1,1,0,1,0
ʃɪp,1,1,0,1,0
ʃɑp,1,1,0,1,0
ɡɛs,1,1,0,1,0
ɹʌs,1,1,0,1,0
ɹɪsk,1,1,0,1,0
ɹɛskyu,1,1,0,1,0
ɡɛskəʊ,1,1,0,1,0
ʃɪsləɹ,1,1,0,1,0
ɡɛst,1,1,0,1,0
ɹɛst,1,1,0,1,0
ɹʌst,1,1,0,1,0
ɹɪst,1,1,0,1,0
ɹɛstəɹɑnt,1,1,0,1,0
ɡɛt,1,1,0,1,0
ɡɑt,1,1,0,1,0
ɹɑt,1,1,0,1,0
ʃɑt,1,1,0,1,0
ʃʌt,1,1,0,1,0
θɔt,1,1,0,1,0
ɹɑtn,1,1,0,1,0
ɹɪtn,1,1,0,1,0
ɡɛts,1,1,0,1,0
ɹɪtʃnɛs,1,1,0,1,0
ɹɪtʃ,1,1,0,1,0
ɹɪtən,1,1,0,1,0
ɡɛtɪŋ,1,1,0,1,0
ɡɪv,1,1,0,1,0
ɡɪvn,1,1,0,1,0
ɡɪvz,1,1,0,1,0
ɡʌvɜmənt,1,1,0,1,0
ɹɛvənyuəɹz,1,1,0,1,0
ɡɪvɪŋ,1,1,0,1,0
ɹɪvəɹ,1,1,0,1,0
ɡʌvəɹn,1,1,0,1,0
ɡʌvəɹnmɛnt,1,1,0,1,0
ɡʌvəɹnəɹ,1,1,0,1,0
ʃɑwəɹ,1,1,0,1,0
ɡɪzəɹd,1,1,0,1,0
ɹɪzəʊ,1,1,0,1,0
ɹɔŋduɪŋ,1,1,0,1,0
ɡɜɹlhʊd,1,1,0,1,0
ɡɔɹ,1,1,0,1,0
ɹɪŋ,1,1,0,1,0
ɹɔɹ,1,1,0,1,0
ɹʌɡ,1,1,0,1,0
ɹʌʃ,1,1,0,1,0
ʃɔɹ,1,1,0,1,0
θɪŋ,1,1,0,1,0
ɹɔŋ,1,1,0,1,0
ɹɛə,1,1,0,1,0
ʃɛə,1,1,0,1,0
ʃʊə,1,1,0,1,0
ɹɪəlɪ,1,1,0,1,0
θɪʌɹɪ,1,1,0,1,0
ɡɜɹd,1,1,0,1,0
ɡɑɹd,1,1,0,1,0
θɜɹd,1,1,0,1,0
ɡɜɹdləɹ,1,1,0,1,0
ɡɑɹdn,1,1,0,1,0
ɡɑɹdən,1,1,0,1,0
θɪŋk,1,1,0,1,0
ɡɪŋkoʊ,1,1,0,1,0
θɪŋkɪŋ,1,1,0,1,0
ɡɜɹl,1,1,0,1,0
ɡɜɹlz,1,1,0,1,0
ʃɑɹlətsvɪl,1,1,0,1,0
ʃɑɹləvwə,1,1,0,1,0
ɡɜɹlɪʃ,1,1,0,1,0
ɡɑɹmənt,1,1,0,1,0
θɔɹn,1,1,0,1,0
ʃɑɹp,1,1,0,1,0
ʃɑɹpn,1,1,0,1,0
ʃɑɹpən,1,1,0,1,0
θɜɹst,1,1,0,1,0
θɜɹstɪ,1,1,0,1,0
ʃɜɹt,1,1,0,1,0
ʃɔɹt,1,1,0,1,0
θɜɹti,1,1,0,1,0
ʃɔɹtn,1,1,0,1,0
ʃɔɹtən,1,1,0,1,0
ʃɔɹtənd,1,1,0,1,0
θɔɹvɑld,1,1,0,1,0
ɹɛɡyuləɹ,1,1,0,1,0
ɹɛɡyəleɪtəɹ,1,1,0,1,0
θɪŋz,1,1,0,1,0
ʃɛɹɪfs,1,1,0,1,0
ɡʌʃɪŋ,1,1,0,1,0
ɹɪɡəɹ,1,1,0,1,0
ʃʊɡəɹ,1,1,0,1,0
θʌɹəʊ,1,1,0,1,0
ɹɪbɛld,1,1,0,1,0
ɹɛkəmɛnd,1,1,0,1,0
ɹɛkəɡnɪʃən,1,1,0,1,0
ɹɛpyəteɪʃən,1,1,0,1,0
ɹɛpətɪʃən,1,1,0,1,0
ɹɛpɹɪzɛnt,1,1,0,1,0
ɹɛpɹəzɛnts,1,1,0,1,0
ɹɛpɹəzɛntətɪv,1,1,0,1,0
ɹɛvəluʃən,1,1,0,1,0
ʃɪzəfɹɛnɪk,1,1,0,1,0
θɜɹdkwɔɹtəɹ,1,1,0,1,0
ɡɹædʒuəl,1,1,0,1,0
ɡɹæm,1,1,0,1,0
ɡɹæməɹ,1,1,0,1,0
ɡɹændfɑðəɹ,1,1,0,1,0
ɡɹændmʌðəɹ,1,1,0,1,0
ɡɹænd,1,1,0,1,0
ɡɹænt,1,1,0,1,0
ɡɹæsɡɹin,1,1,0,1,0
ɡɹæs,1,1,0,1,0
ɡɹæsɪz,1,1,0,1,0
ɡɹaɪnd,1,1,0,1,0
ɡɹaʊnd,1,1,0,1,0
ɡɹaʊtʃ,1,1,0,1,0
ɡɹeɪ,1,1,0,1,0
ɡɹeɪn,1,1,0,1,0
ɡɹeɪs,1,1,0,1,0
ɡɹeɪsfəl,1,1,0,1,0
ɡɹeɪt,1,1,0,1,0
ɡɹeɪtfəl,1,1,0,1,0
ɡɹeɪtəɹ,1,1,0,1,0
ɡɹeɪvyɑɹdz,1,1,0,1,0
ɡɹeɪv,1,1,0,1,0
θɹi,1,1,0,1,0
ɡɹid,1,1,0,1,0
ɡɹif,1,1,0,1,0
ɡɹin,1,1,0,1,0
ɡɹis,1,1,0,1,0
ɡɹit,1,1,0,1,0
ɡɹitɪŋ,1,1,0,1,0
ɡɹiv,1,1,0,1,0
ɡɹidɪɪst,1,1,0,1,0
ɡɹoʊ,1,1,0,1,0
θɹoʊ,1,1,0,1,0
ɡɹoʊbnəɹ,1,1,0,1,0
θɹoʊt,1,1,0,1,0
ɡɹoʊθ,1,1,0,1,0
ɡɹoʊɪŋ,1,1,0,1,0
θɹuaʊt,1,1,0,1,0
ɡɹu,1,1,0,1,0
θɹu,1,1,0,1,0
ɡɹulɪŋ,1,1,0,1,0
ɡɹup,1,1,0,1,0
θɹup,1,1,0,1,0
ɡɹups,1,1,0,1,0
ɹəʊmænsɪz,1,1,0,1,0
ɡɹəmætəkəl,1,1,0,1,0
θɹɛd,1,1,0,1,0
ɡɹʌmbəlɪŋz,1,1,0,1,0
ɡɹɛnɪtʃ,1,1,0,1,0
θɹɛt,1,1,0,1,0
θɹɛtn,1,1,0,1,0
θɹɛtən,1,1,0,1,0
ɹɔɪyəltɪ,1,1,0,1,0
ɹɔɪəl,1,1,0,1,0
ɹɔɪəltɪ,1,1,0,1,0
